student_id,college_id,department_id,academic_year,internship_id,company,role,package,match_score
2063,1,2,PART1,82,Wipro,Business Analyst,7,26
997,2,4,PART2,93,Grant Thornton,Audit Trainee,7,25
1317,2,4,SY,83,Deloitte,Tax Analyst,6,61
1998,2,1,PART1,34,Deloitte,Tax Analyst,5,44
1652,2,4,PART1,34,Accenture,Finance Analyst,5,53
2268,1,4,TY,90,TCS,Audit Executive,4,55
600,2,2,PART2,82,Wipro,Business Analyst,6,70
297,2,3,PART1,95,TCS,Audit Executive,5,45
3,1,3,SY,29,Infosys,Data Analyst,5,96
1235,2,4,TY,7,EY,GST Executive,6,62
2769,1,4,PART2,18,Deloitte,Tax Analyst,7,36
314,1,4,PART1,74,EY,GST Executive,7,61
1052,2,4,SY,19,Deloitte,Tax Analyst,5,71
1386,2,3,FY,74,Wipro,Business Analyst,4,79
822,2,3,TY,54,EY,GST Executive,7,76
2339,2,2,PART1,50,Accenture,Finance Analyst,7,58
133,1,2,TY,52,ICICI Bank,Relationship Officer,6,61
532,2,1,PART1,55,EY,GST Executive,7,49
247,2,3,TY,1,EY,GST Executive,4,49
2822,1,4,PART1,57,Infosys,Data Analyst,6,72
2841,1,2,PART2,21,EY,GST Executive,4,68
1619,2,1,TY,63,KPMG,Audit Associate,4,55
57,2,1,FY,18,EY,GST Executive,6,67
904,1,2,FY,83,EY,GST Executive,6,77
535,2,4,PART2,28,EY,GST Executive,5,86
2464,2,4,PART1,31,Grant Thornton,Audit Trainee,6,50
1845,1,2,PART2,50,EY,GST Executive,6,51
89,1,3,PART2,55,Wipro,Business Analyst,4,72
759,1,3,TY,11,ICICI Bank,Relationship Officer,5,51
260,2,3,SY,97,Accenture,Finance Analyst,6,58
1549,1,2,PART2,91,Infosys,Data Analyst,5,46
1886,2,1,SY,38,Infosys,Data Analyst,6,66
1904,1,1,PART1,91,KPMG,Audit Associate,5,58
1046,2,1,PART2,94,EY,GST Executive,6,45
499,2,2,FY,82,Grant Thornton,Audit Trainee,7,54
634,2,4,PART1,30,Wipro,Business Analyst,5,62
1960,2,3,PART2,67,KPMG,Audit Associate,6,54
756,1,2,TY,49,Wipro,Business Analyst,6,48
588,1,1,PART2,96,PwC,Junior Consultant,6,73
1765,2,3,PART2,13,Grant Thornton,Audit Trainee,7,55
1433,2,4,SY,45,EY,GST Executive,7,60
1770,2,1,PART1,63,Deloitte,Tax Analyst,4,95
1694,1,4,TY,71,Infosys,Data Analyst,5,58
2875,1,1,PART1,21,Deloitte,Tax Analyst,6,49
503,2,3,PART2,35,Grant Thornton,Audit Trainee,4,55
1054,2,3,PART1,89,Accenture,Finance Analyst,6,79
2386,2,4,TY,82,Grant Thornton,Audit Trainee,7,58
1580,1,3,PART1,81,Accenture,Finance Analyst,4,93
1652,2,4,SY,53,Deloitte,Tax Analyst,5,60
1206,2,2,PART1,20,Wipro,Business Analyst,6,66
2862,1,4,PART1,86,KPMG,Audit Associate,7,51
2197,2,4,PART2,83,Deloitte,Tax Analyst,4,92
1882,1,2,SY,70,Infosys,Data Analyst,5,59
210,2,4,PART2,16,EY,GST Executive,7,49
840,1,4,FY,31,EY,GST Executive,6,83
2638,1,3,TY,66,Infosys,Data Analyst,5,47
2746,1,1,FY,18,Accenture,Finance Analyst,5,50
2335,1,3,SY,88,Infosys,Data Analyst,5,74
1257,1,4,PART1,96,Accenture,Finance Analyst,5,54
429,2,4,PART2,76,EY,GST Executive,7,34
1451,1,1,PART2,81,Infosys,Data Analyst,5,71
2416,1,3,PART1,13,Wipro,Business Analyst,7,53
648,1,2,TY,2,KPMG,Audit Associate,6,71
1805,2,3,TY,13,Infosys,Data Analyst,6,76
229,1,2,FY,68,ICICI Bank,Relationship Officer,4,77
2418,2,3,PART2,34,ICICI Bank,Relationship Officer,6,72
275,1,3,TY,5,Deloitte,Tax Analyst,4,72
3016,2,2,PART2,91,KPMG,Audit Associate,7,73
2081,1,2,PART1,1,KPMG,Audit Associate,7,98
1947,1,1,FY,58,EY,GST Executive,7,73
2422,1,1,SY,29,PwC,Junior Consultant,6,82
515,1,4,PART1,23,Accenture,Finance Analyst,6,65
707,1,1,PART1,59,ICICI Bank,Relationship Officer,5,83
1043,2,4,SY,47,EY,GST Executive,4,66
1244,1,1,SY,61,Deloitte,Tax Analyst,7,79
790,2,3,TY,18,Wipro,Business Analyst,6,69
1163,1,3,TY,87,KPMG,Audit Associate,4,48
1433,2,2,FY,12,EY,GST Executive,6,64
1015,2,3,PART2,32,Accenture,Finance Analyst,6,57
2518,1,3,TY,9,TCS,Audit Executive,5,59
594,1,3,PART2,67,ICICI Bank,Relationship Officer,6,45
2636,2,2,SY,7,Accenture,Finance Analyst,5,66
573,2,1,SY,24,Wipro,Business Analyst,5,46
1551,1,3,PART2,14,Grant Thornton,Audit Trainee,5,62
1222,1,3,PART1,94,EY,GST Executive,6,83
1203,2,1,TY,57,PwC,Junior Consultant,7,55
110,1,1,PART2,80,Wipro,Business Analyst,4,73
383,2,2,SY,47,PwC,Junior Consultant,5,98
828,1,1,PART1,19,PwC,Junior Consultant,7,73
1176,2,3,TY,60,TCS,Audit Executive,5,65
128,1,4,PART2,36,Deloitte,Tax Analyst,7,35
1656,2,1,SY,12,KPMG,Audit Associate,5,37
403,1,1,PART2,55,Deloitte,Tax Analyst,5,52
2157,1,1,TY,36,EY,GST Executive,4,36
2845,1,2,TY,73,ICICI Bank,Relationship Officer,4,73
1362,1,3,PART2,93,Deloitte,Tax Analyst,5,66
534,1,1,PART2,68,EY,GST Executive,6,76
2073,1,4,TY,82,TCS,Audit Executive,4,68
2655,1,3,SY,4,Accenture,Finance Analyst,7,76
152,1,3,FY,24,EY,GST Executive,7,59
914,1,3,FY,71,TCS,Audit Executive,4,54
635,2,3,PART2,90,ICICI Bank,Relationship Officer,6,36
2049,2,1,PART1,45,TCS,Audit Executive,5,64
2096,2,2,PART1,63,Deloitte,Tax Analyst,4,28
2262,2,4,FY,51,Infosys,Data Analyst,6,47
2311,2,3,SY,66,KPMG,Audit Associate,5,42
1794,2,1,FY,53,Infosys,Data Analyst,5,67
2471,1,4,PART2,5,PwC,Junior Consultant,4,58
2973,1,4,PART2,85,Wipro,Business Analyst,6,58
1467,2,4,PART1,37,KPMG,Audit Associate,4,43
935,2,1,PART2,33,ICICI Bank,Relationship Officer,6,48
1972,2,4,PART1,37,EY,GST Executive,4,73
2490,2,3,TY,74,TCS,Audit Executive,7,76
162,1,1,TY,59,Accenture,Finance Analyst,6,52
2720,1,1,FY,68,Infosys,Data Analyst,4,55
2393,2,3,SY,6,ICICI Bank,Relationship Officer,5,38
14,2,2,PART1,83,Deloitte,Tax Analyst,4,34
3017,1,4,PART1,71,ICICI Bank,Relationship Officer,4,36
2540,2,4,FY,72,EY,GST Executive,4,70
2243,1,4,PART1,66,TCS,Audit Executive,7,95
47,1,3,PART2,62,TCS,Audit Executive,4,61
1754,1,1,PART1,78,Deloitte,Tax Analyst,4,46
489,1,2,TY,37,PwC,Junior Consultant,4,62
590,2,1,PART2,90,Infosys,Data Analyst,5,49
2678,1,2,FY,24,EY,GST Executive,5,58
1853,1,2,PART1,85,Infosys,Data Analyst,6,53
684,1,1,SY,11,EY,GST Executive,4,83
998,2,1,FY,96,Deloitte,Tax Analyst,5,84
391,2,1,FY,28,PwC,Junior Consultant,6,61
874,2,2,SY,47,EY,GST Executive,5,64
1906,2,2,SY,23,EY,GST Executive,4,37
551,1,2,FY,61,Accenture,Finance Analyst,4,80
690,1,3,TY,19,ICICI Bank,Relationship Officer,4,74
1146,1,3,SY,32,Deloitte,Tax Analyst,5,78
2592,2,4,TY,84,TCS,Audit Executive,7,58
487,2,3,SY,45,EY,GST Executive,4,47
2005,2,2,PART1,46,Grant Thornton,Audit Trainee,6,63
888,1,2,TY,19,EY,GST Executive,5,77
2258,2,1,SY,69,KPMG,Audit Associate,4,54
58,2,2,PART2,36,ICICI Bank,Relationship Officer,4,61
1127,1,1,PART2,51,ICICI Bank,Relationship Officer,4,89
1000,1,4,PART1,17,TCS,Audit Executive,4,59
1731,1,3,PART1,32,TCS,Audit Executive,5,53
1445,1,3,SY,69,Grant Thornton,Audit Trainee,6,63
1944,2,2,SY,4,PwC,Junior Consultant,5,67
1325,1,2,PART1,21,Infosys,Data Analyst,5,45
122,1,2,FY,16,PwC,Junior Consultant,5,61
1162,1,2,SY,46,Wipro,Business Analyst,4,65
1519,2,3,FY,41,EY,GST Executive,5,59
2329,2,4,FY,26,PwC,Junior Consultant,4,90
921,2,2,PART2,83,Accenture,Finance Analyst,6,99
1772,2,3,PART1,39,Accenture,Finance Analyst,4,77
1704,1,2,FY,56,EY,GST Executive,4,25
1969,1,1,FY,44,Infosys,Data Analyst,6,52
1458,2,3,FY,90,Accenture,Finance Analyst,7,60
2100,1,2,TY,31,Accenture,Finance Analyst,4,69
2193,1,3,PART1,8,EY,GST Executive,6,73
529,2,1,FY,52,Deloitte,Tax Analyst,4,69
1197,1,2,SY,78,KPMG,Audit Associate,5,94
1030,2,3,PART2,86,Wipro,Business Analyst,6,50
1047,2,3,PART2,16,TCS,Audit Executive,4,60
1683,2,4,SY,36,KPMG,Audit Associate,6,32
997,2,1,TY,57,PwC,Junior Consultant,7,52
2215,1,1,TY,66,Grant Thornton,Audit Trainee,5,58
2498,2,3,FY,83,Wipro,Business Analyst,6,74
1745,2,4,SY,41,ICICI Bank,Relationship Officer,4,49
2874,1,4,FY,68,Grant Thornton,Audit Trainee,6,52
662,2,4,PART1,91,ICICI Bank,Relationship Officer,6,34
310,2,1,TY,48,ICICI Bank,Relationship Officer,6,34
2825,1,1,FY,65,PwC,Junior Consultant,4,86
1701,2,4,PART2,27,Grant Thornton,Audit Trainee,5,97
2734,1,1,FY,50,Deloitte,Tax Analyst,5,74
2804,2,2,TY,51,PwC,Junior Consultant,6,40
356,2,2,PART2,20,Accenture,Finance Analyst,6,88
2907,1,2,SY,72,Grant Thornton,Audit Trainee,5,58
1804,2,2,TY,75,EY,GST Executive,7,49
2401,1,4,PART1,26,Wipro,Business Analyst,5,61
1933,2,3,PART2,92,Wipro,Business Analyst,7,69
1363,2,3,FY,87,EY,GST Executive,6,68
2695,2,1,PART2,62,Grant Thornton,Audit Trainee,6,27
2088,1,2,PART2,28,EY,GST Executive,6,73
1190,2,2,PART2,32,ICICI Bank,Relationship Officer,4,66
1369,1,4,FY,36,Wipro,Business Analyst,6,87
690,1,1,SY,74,KPMG,Audit Associate,6,84
2427,1,2,TY,27,Wipro,Business Analyst,5,78
623,1,4,PART2,14,Wipro,Business Analyst,6,26
810,1,3,PART1,70,KPMG,Audit Associate,5,82
2137,2,2,PART1,68,TCS,Audit Executive,7,38
1457,1,3,TY,56,Infosys,Data Analyst,7,39
1441,1,1,PART1,52,KPMG,Audit Associate,6,81
1864,1,1,SY,51,EY,GST Executive,4,60
116,1,4,PART1,94,PwC,Junior Consultant,7,80
358,2,2,PART2,28,TCS,Audit Executive,6,49
1222,1,4,PART1,68,KPMG,Audit Associate,5,54
869,1,1,PART1,37,EY,GST Executive,7,66
1294,2,1,SY,91,ICICI Bank,Relationship Officer,6,100
2115,1,4,FY,47,Infosys,Data Analyst,4,76
708,1,4,SY,18,Infosys,Data Analyst,7,45
504,1,1,PART2,6,Infosys,Data Analyst,4,66
2405,2,4,PART2,56,Grant Thornton,Audit Trainee,6,80
2349,2,3,FY,18,Deloitte,Tax Analyst,6,31
1277,1,3,FY,16,Grant Thornton,Audit Trainee,4,70
892,1,4,TY,10,PwC,Junior Consultant,4,54
93,1,2,PART2,75,TCS,Audit Executive,5,66
1990,2,1,PART2,49,EY,GST Executive,6,43
2296,2,4,TY,55,Infosys,Data Analyst,5,45
2256,2,2,PART2,5,KPMG,Audit Associate,5,55
2697,2,2,FY,97,PwC,Junior Consultant,5,51
278,2,1,PART1,49,Infosys,Data Analyst,5,67
294,1,3,PART2,65,ICICI Bank,Relationship Officer,6,28
1772,2,1,TY,42,ICICI Bank,Relationship Officer,6,62
2585,2,1,FY,21,Deloitte,Tax Analyst,4,80
1778,2,2,TY,42,PwC,Junior Consultant,7,67
802,1,4,PART2,71,Deloitte,Tax Analyst,7,55
140,1,4,TY,21,KPMG,Audit Associate,7,31
761,2,1,SY,85,EY,GST Executive,5,37
1165,2,1,PART2,80,Deloitte,Tax Analyst,4,35
2976,1,4,PART2,14,Accenture,Finance Analyst,6,85
1242,2,4,FY,26,KPMG,Audit Associate,5,74
1084,2,2,PART2,20,Deloitte,Tax Analyst,6,87
2776,1,2,FY,81,KPMG,Audit Associate,5,100
2092,1,4,PART1,7,Accenture,Finance Analyst,4,85
2415,2,4,PART2,42,Infosys,Data Analyst,6,25
1698,1,4,SY,30,Infosys,Data Analyst,5,57
1361,2,1,PART1,88,Accenture,Finance Analyst,6,26
2719,2,3,FY,33,Deloitte,Tax Analyst,4,33
2543,2,2,TY,3,KPMG,Audit Associate,5,81
2373,1,3,FY,90,TCS,Audit Executive,4,99
2837,1,4,SY,86,Wipro,Business Analyst,6,68
1565,1,1,TY,6,Deloitte,Tax Analyst,5,52
2322,1,2,PART1,50,Accenture,Finance Analyst,4,69
1341,2,2,PART1,27,Deloitte,Tax Analyst,5,39
2311,1,3,PART1,61,KPMG,Audit Associate,6,79
2193,2,3,PART1,56,Infosys,Data Analyst,6,72
2091,2,1,PART2,53,Wipro,Business Analyst,5,83
1465,2,3,SY,60,PwC,Junior Consultant,6,60
2351,2,1,TY,21,Deloitte,Tax Analyst,5,53
1353,2,3,PART2,81,KPMG,Audit Associate,7,65
84,2,1,SY,72,PwC,Junior Consultant,7,26
246,1,3,PART1,72,KPMG,Audit Associate,6,70
2151,2,2,FY,68,EY,GST Executive,6,68
3000,1,3,TY,59,Deloitte,Tax Analyst,5,77
267,2,1,PART1,60,Deloitte,Tax Analyst,7,83
2824,1,3,SY,2,Accenture,Finance Analyst,4,74
2155,1,2,FY,46,Infosys,Data Analyst,4,56
2504,1,2,FY,92,Grant Thornton,Audit Trainee,6,54
1189,1,4,SY,66,Accenture,Finance Analyst,6,94
1807,1,1,FY,67,Accenture,Finance Analyst,5,76
2041,2,3,TY,7,ICICI Bank,Relationship Officer,6,68
20,2,4,FY,18,EY,GST Executive,4,63
2549,2,2,SY,90,EY,GST Executive,5,25
1067,2,4,SY,35,PwC,Junior Consultant,4,34
1265,1,2,SY,25,Infosys,Data Analyst,5,49
1900,1,1,TY,91,Accenture,Finance Analyst,6,57
2777,1,2,TY,85,Accenture,Finance Analyst,5,73
2173,1,2,SY,51,Wipro,Business Analyst,4,71
671,2,4,TY,10,ICICI Bank,Relationship Officer,4,80
611,2,4,PART2,40,Accenture,Finance Analyst,5,67
1237,2,4,PART2,14,Wipro,Business Analyst,6,74
2798,2,3,PART1,54,Accenture,Finance Analyst,6,63
2780,1,1,SY,48,Infosys,Data Analyst,5,99
1168,2,2,PART2,56,Grant Thornton,Audit Trainee,4,47
2132,1,1,PART1,77,TCS,Audit Executive,4,40
547,1,1,PART1,64,TCS,Audit Executive,5,62
2691,1,1,PART2,72,Grant Thornton,Audit Trainee,5,29
1799,1,3,SY,97,EY,GST Executive,7,58
1744,1,3,FY,89,PwC,Junior Consultant,7,68
2592,2,1,TY,58,Infosys,Data Analyst,7,36
2522,1,3,TY,19,Wipro,Business Analyst,6,78
586,1,2,TY,30,EY,GST Executive,7,58
1244,2,2,FY,40,KPMG,Audit Associate,4,54
371,1,2,FY,82,ICICI Bank,Relationship Officer,5,66
1734,1,2,TY,48,Deloitte,Tax Analyst,6,28
946,2,4,PART1,95,TCS,Audit Executive,4,38
1791,2,4,TY,78,TCS,Audit Executive,5,60
1616,2,4,PART2,60,TCS,Audit Executive,7,60
185,1,2,SY,77,Deloitte,Tax Analyst,6,67
21,2,1,PART2,64,Grant Thornton,Audit Trainee,4,47
2815,2,4,TY,18,KPMG,Audit Associate,6,89
2781,1,4,FY,13,KPMG,Audit Associate,5,97
300,1,2,FY,77,Accenture,Finance Analyst,6,24
124,2,4,PART2,62,ICICI Bank,Relationship Officer,5,66
2477,1,2,FY,15,EY,GST Executive,4,67
1456,2,3,SY,18,TCS,Audit Executive,4,53
2814,2,1,PART2,66,EY,GST Executive,6,61
522,2,2,SY,68,Deloitte,Tax Analyst,4,67
2918,2,4,SY,94,ICICI Bank,Relationship Officer,5,93
2485,1,2,SY,94,Infosys,Data Analyst,6,74
3043,2,3,PART1,28,Infosys,Data Analyst,5,46
894,2,4,FY,1,Grant Thornton,Audit Trainee,5,26
1709,1,1,TY,46,KPMG,Audit Associate,7,58
713,2,4,SY,74,Accenture,Finance Analyst,5,78
2753,1,2,TY,81,Infosys,Data Analyst,6,72
1715,1,3,PART2,71,EY,GST Executive,6,79
466,2,3,TY,89,Wipro,Business Analyst,6,49
1873,1,2,TY,48,Accenture,Finance Analyst,7,54
1662,1,1,FY,40,Wipro,Business Analyst,6,29
2974,2,2,PART1,11,EY,GST Executive,5,36
87,2,1,TY,36,KPMG,Audit Associate,7,37
2264,2,2,SY,96,Deloitte,Tax Analyst,6,62
764,1,2,PART2,61,Accenture,Finance Analyst,5,84
1937,1,1,SY,37,Grant Thornton,Audit Trainee,4,49
677,2,4,FY,55,TCS,Audit Executive,7,62
1740,1,2,PART1,71,Deloitte,Tax Analyst,7,51
1779,1,1,FY,72,PwC,Junior Consultant,4,55
1519,1,4,PART1,93,Deloitte,Tax Analyst,4,80
1138,1,3,SY,23,EY,GST Executive,6,79
86,2,4,TY,21,Infosys,Data Analyst,7,55
920,1,3,FY,26,ICICI Bank,Relationship Officer,7,70
238,1,2,SY,3,PwC,Junior Consultant,6,49
2261,1,4,TY,75,Deloitte,Tax Analyst,4,56
2080,1,3,PART2,64,KPMG,Audit Associate,7,90
3045,1,1,FY,1,ICICI Bank,Relationship Officer,6,64
1448,2,1,PART1,17,EY,GST Executive,5,41
1651,2,4,PART2,77,ICICI Bank,Relationship Officer,4,61
2910,1,1,PART2,66,Accenture,Finance Analyst,4,67
278,2,4,SY,67,EY,GST Executive,5,61
1432,2,4,FY,41,KPMG,Audit Associate,4,71
2083,2,2,SY,53,Wipro,Business Analyst,5,52
311,1,2,SY,26,EY,GST Executive,6,55
643,2,3,PART2,17,EY,GST Executive,5,51
1316,1,3,PART1,22,Wipro,Business Analyst,4,43
1416,2,2,SY,87,KPMG,Audit Associate,7,47
2653,2,3,TY,33,Deloitte,Tax Analyst,5,39
829,2,2,PART2,65,Grant Thornton,Audit Trainee,5,88
1203,2,1,FY,73,Wipro,Business Analyst,5,40
234,1,3,SY,91,EY,GST Executive,6,73
1993,2,4,PART1,89,ICICI Bank,Relationship Officer,5,61
212,1,2,PART2,4,Grant Thornton,Audit Trainee,5,82
1992,2,1,TY,93,Grant Thornton,Audit Trainee,7,80
2278,2,2,PART2,69,KPMG,Audit Associate,6,79
2453,2,3,PART2,68,Grant Thornton,Audit Trainee,7,99
2775,2,4,FY,75,ICICI Bank,Relationship Officer,6,69
980,2,4,TY,78,Wipro,Business Analyst,6,76
2666,1,2,TY,51,Wipro,Business Analyst,4,83
1635,1,1,PART1,32,ICICI Bank,Relationship Officer,4,29
1059,2,1,TY,12,ICICI Bank,Relationship Officer,5,80
823,1,3,FY,56,TCS,Audit Executive,4,58
854,2,4,PART1,29,PwC,Junior Consultant,5,96
1284,1,2,PART1,74,Grant Thornton,Audit Trainee,5,55
1342,2,1,TY,45,Infosys,Data Analyst,5,95
652,1,4,PART2,94,Deloitte,Tax Analyst,5,93
2044,2,4,SY,24,Infosys,Data Analyst,5,75
2734,2,4,PART2,57,EY,GST Executive,4,85
673,2,1,PART2,23,TCS,Audit Executive,6,80
2873,2,4,TY,1,ICICI Bank,Relationship Officer,4,48
2174,1,1,PART2,40,Deloitte,Tax Analyst,4,57
1973,1,4,PART2,20,PwC,Junior Consultant,7,90
582,1,2,PART1,57,PwC,Junior Consultant,6,88
387,1,2,SY,47,Wipro,Business Analyst,7,61
2932,1,3,SY,36,ICICI Bank,Relationship Officer,4,47
2649,1,3,PART2,40,Deloitte,Tax Analyst,4,76
343,2,4,PART2,26,Deloitte,Tax Analyst,6,71
2142,2,4,PART1,54,TCS,Audit Executive,5,60
521,1,1,FY,80,Accenture,Finance Analyst,4,52
431,1,3,PART2,8,Grant Thornton,Audit Trainee,4,98
1195,1,1,PART1,91,Accenture,Finance Analyst,6,44
3020,1,2,FY,19,TCS,Audit Executive,4,48
1904,2,4,PART1,5,Grant Thornton,Audit Trainee,6,54
986,1,1,TY,3,ICICI Bank,Relationship Officer,4,61
1057,1,2,PART1,24,Accenture,Finance Analyst,6,48
2229,1,2,TY,91,ICICI Bank,Relationship Officer,7,69
2463,1,3,PART1,70,TCS,Audit Executive,5,82
2151,1,4,SY,81,ICICI Bank,Relationship Officer,6,55
2027,2,1,SY,77,Accenture,Finance Analyst,5,73
2760,2,1,PART1,6,EY,GST Executive,4,62
2926,1,4,FY,61,Wipro,Business Analyst,5,66
2911,2,3,PART1,64,Deloitte,Tax Analyst,6,49
1980,1,2,FY,89,EY,GST Executive,5,62
899,1,4,FY,56,EY,GST Executive,6,45
2078,2,4,PART1,59,TCS,Audit Executive,5,72
1724,1,3,TY,7,Grant Thornton,Audit Trainee,5,79
1753,2,4,PART1,32,KPMG,Audit Associate,7,82
1509,1,2,PART2,24,Accenture,Finance Analyst,7,86
50,2,2,PART2,41,Infosys,Data Analyst,6,38
2462,2,3,FY,55,Deloitte,Tax Analyst,6,49
1634,1,1,FY,23,TCS,Audit Executive,7,60
249,2,2,PART2,10,PwC,Junior Consultant,6,52
927,1,3,FY,67,Wipro,Business Analyst,5,46
1454,1,1,PART2,74,PwC,Junior Consultant,6,52
740,2,1,SY,81,Wipro,Business Analyst,4,72
1827,2,2,FY,23,PwC,Junior Consultant,4,39
2790,1,3,PART1,42,TCS,Audit Executive,6,38
829,1,1,SY,29,ICICI Bank,Relationship Officer,6,72
1565,1,3,TY,56,Infosys,Data Analyst,4,54
1177,1,1,FY,1,ICICI Bank,Relationship Officer,6,38
1952,2,3,FY,48,Deloitte,Tax Analyst,7,76
1018,1,4,PART2,71,TCS,Audit Executive,6,75
708,1,1,PART2,27,Deloitte,Tax Analyst,6,69
2116,2,3,SY,95,Deloitte,Tax Analyst,4,61
2501,2,1,FY,79,EY,GST Executive,4,67
1726,1,4,PART1,75,KPMG,Audit Associate,4,52
2464,1,4,SY,37,Deloitte,Tax Analyst,6,46
2476,2,2,SY,18,Infosys,Data Analyst,5,70
2869,2,4,FY,72,Accenture,Finance Analyst,4,47
617,2,4,TY,62,Accenture,Finance Analyst,6,46
3044,1,1,FY,6,EY,GST Executive,7,46
748,2,4,TY,21,ICICI Bank,Relationship Officer,4,87
2351,2,2,PART2,82,KPMG,Audit Associate,6,85
2543,2,1,SY,17,ICICI Bank,Relationship Officer,4,75
2680,1,3,TY,26,Deloitte,Tax Analyst,4,55
382,2,3,PART2,25,Accenture,Finance Analyst,4,71
243,2,3,FY,62,Deloitte,Tax Analyst,7,86
2760,1,1,TY,2,EY,GST Executive,4,52
418,1,2,SY,53,PwC,Junior Consultant,4,37
3026,2,1,FY,51,PwC,Junior Consultant,5,47
1032,2,4,TY,88,Grant Thornton,Audit Trainee,4,59
2857,2,3,PART1,9,Infosys,Data Analyst,5,62
904,1,1,PART1,15,Accenture,Finance Analyst,5,77
1566,1,1,FY,64,EY,GST Executive,5,92
961,1,4,PART1,9,ICICI Bank,Relationship Officer,7,70
1892,1,2,SY,46,KPMG,Audit Associate,5,76
2146,2,2,TY,70,ICICI Bank,Relationship Officer,4,66
1325,2,3,SY,54,Wipro,Business Analyst,4,48
2381,1,2,SY,43,Deloitte,Tax Analyst,6,25
2732,2,2,PART1,80,PwC,Junior Consultant,6,40
2523,1,2,PART1,52,Accenture,Finance Analyst,5,65
2503,2,1,SY,77,EY,GST Executive,6,49
1898,1,3,PART1,18,Grant Thornton,Audit Trainee,6,52
798,2,1,PART2,74,Grant Thornton,Audit Trainee,4,68
752,1,1,PART2,29,TCS,Audit Executive,5,74
349,2,2,FY,22,ICICI Bank,Relationship Officer,6,73
2302,2,2,SY,37,ICICI Bank,Relationship Officer,7,69
455,2,3,SY,43,Deloitte,Tax Analyst,4,76
711,2,1,PART2,35,Accenture,Finance Analyst,5,73
2335,1,4,TY,43,EY,GST Executive,6,65
1199,1,2,SY,80,KPMG,Audit Associate,6,58
1299,1,2,PART1,25,Grant Thornton,Audit Trainee,4,51
1613,1,4,TY,79,Grant Thornton,Audit Trainee,7,95
2368,2,2,PART2,5,Deloitte,Tax Analyst,5,58
1562,2,3,PART1,21,ICICI Bank,Relationship Officer,6,52
12,1,1,FY,78,Wipro,Business Analyst,5,52
2918,2,1,PART1,34,KPMG,Audit Associate,5,44
855,1,4,FY,4,Grant Thornton,Audit Trainee,4,25
2551,1,2,PART2,68,PwC,Junior Consultant,6,28
432,2,2,PART1,62,Wipro,Business Analyst,5,45
1383,2,3,PART1,94,Infosys,Data Analyst,6,39
231,1,1,FY,45,Grant Thornton,Audit Trainee,6,93
1051,2,1,SY,34,Deloitte,Tax Analyst,4,54
2682,2,3,TY,19,Wipro,Business Analyst,6,46
113,1,1,TY,6,PwC,Junior Consultant,7,52
2364,2,1,TY,76,PwC,Junior Consultant,5,50
960,2,1,PART1,26,Grant Thornton,Audit Trainee,5,40
693,2,1,TY,70,EY,GST Executive,5,53
1727,1,1,SY,16,TCS,Audit Executive,4,89
1449,2,4,TY,57,Wipro,Business Analyst,4,68
2118,2,2,FY,84,Infosys,Data Analyst,4,70
2498,2,2,PART1,51,ICICI Bank,Relationship Officer,5,30
2691,2,2,SY,80,Deloitte,Tax Analyst,5,51
2107,1,3,FY,32,Grant Thornton,Audit Trainee,7,43
1829,2,1,TY,49,PwC,Junior Consultant,4,51
1361,2,1,FY,17,Wipro,Business Analyst,5,95
2117,1,1,SY,82,TCS,Audit Executive,6,75
1383,1,3,SY,31,KPMG,Audit Associate,6,79
2403,2,4,PART2,17,Wipro,Business Analyst,5,77
2188,2,4,PART2,71,KPMG,Audit Associate,6,40
1656,2,4,SY,50,Accenture,Finance Analyst,4,89
414,1,2,PART1,28,Accenture,Finance Analyst,4,78
1609,2,3,SY,74,Infosys,Data Analyst,5,59
347,2,3,PART1,94,Deloitte,Tax Analyst,4,51
458,1,4,PART2,81,PwC,Junior Consultant,5,75
1951,2,3,TY,6,PwC,Junior Consultant,4,46
703,2,1,FY,56,Grant Thornton,Audit Trainee,4,75
994,2,1,FY,18,Infosys,Data Analyst,6,64
2735,2,1,FY,96,KPMG,Audit Associate,4,54
2245,1,4,PART1,87,TCS,Audit Executive,6,86
2429,2,1,PART2,92,PwC,Junior Consultant,5,52
393,2,1,SY,82,Deloitte,Tax Analyst,6,72
1825,1,2,PART2,70,KPMG,Audit Associate,5,47
166,2,2,SY,89,Wipro,Business Analyst,6,53
520,1,2,PART1,83,Infosys,Data Analyst,6,85
2592,2,3,PART2,85,Grant Thornton,Audit Trainee,5,92
1604,1,1,SY,6,TCS,Audit Executive,5,69
1920,2,1,PART2,57,Wipro,Business Analyst,5,64
1187,1,1,PART2,2,Wipro,Business Analyst,6,66
2229,1,3,FY,92,Wipro,Business Analyst,5,29
2717,1,4,FY,59,KPMG,Audit Associate,7,73
2871,2,2,PART2,67,ICICI Bank,Relationship Officer,7,28
1685,2,1,TY,1,Accenture,Finance Analyst,6,31
1717,2,4,PART1,37,ICICI Bank,Relationship Officer,4,77
1853,2,3,PART2,52,EY,GST Executive,7,42
2735,1,3,PART2,22,Wipro,Business Analyst,6,89
2292,1,2,PART2,95,Grant Thornton,Audit Trainee,6,49
2461,2,1,FY,59,Accenture,Finance Analyst,7,36
1050,2,2,PART1,1,Wipro,Business Analyst,6,99
2774,2,2,PART1,78,KPMG,Audit Associate,7,49
2642,1,2,TY,46,PwC,Junior Consultant,7,80
2349,2,1,PART2,94,Accenture,Finance Analyst,6,73
425,1,4,FY,48,Grant Thornton,Audit Trainee,4,51
637,1,2,FY,55,Accenture,Finance Analyst,4,40
1773,1,3,TY,18,KPMG,Audit Associate,6,57
282,2,3,SY,35,TCS,Audit Executive,6,87
2292,2,1,SY,85,EY,GST Executive,6,56
1412,2,2,PART2,46,Deloitte,Tax Analyst,4,36
795,2,1,SY,84,Infosys,Data Analyst,7,69
1490,1,4,PART1,19,Accenture,Finance Analyst,6,61
2641,1,3,TY,5,Grant Thornton,Audit Trainee,7,50
1072,2,2,TY,42,Infosys,Data Analyst,5,62
667,2,1,PART2,21,ICICI Bank,Relationship Officer,4,36
2522,2,4,PART1,1,EY,GST Executive,7,90
2220,1,2,FY,43,TCS,Audit Executive,7,36
921,2,2,SY,32,PwC,Junior Consultant,5,36
1366,2,2,FY,59,Grant Thornton,Audit Trainee,4,52
1312,2,1,PART1,33,TCS,Audit Executive,7,77
1629,1,3,PART2,77,Deloitte,Tax Analyst,5,98
1718,1,3,TY,65,Wipro,Business Analyst,4,93
1107,2,2,FY,56,Accenture,Finance Analyst,4,27
2621,2,4,PART2,54,KPMG,Audit Associate,6,75
2203,1,4,SY,95,Infosys,Data Analyst,7,35
1945,2,2,TY,87,EY,GST Executive,6,50
1894,1,4,PART2,96,Deloitte,Tax Analyst,5,45
2869,2,3,PART2,97,Deloitte,Tax Analyst,4,44
1829,1,3,SY,64,EY,GST Executive,6,56
1047,1,4,SY,77,KPMG,Audit Associate,6,58
1294,2,3,PART2,81,Deloitte,Tax Analyst,4,73
1938,1,3,FY,4,Wipro,Business Analyst,5,97
1160,2,1,TY,94,EY,GST Executive,4,81
2252,2,4,FY,77,Infosys,Data Analyst,5,51
615,1,2,TY,19,EY,GST Executive,5,29
896,2,2,FY,97,Accenture,Finance Analyst,5,45
1005,1,1,SY,26,KPMG,Audit Associate,6,56
2288,1,3,FY,77,TCS,Audit Executive,4,53
2470,1,4,SY,2,Infosys,Data Analyst,5,58
2990,1,2,TY,18,TCS,Audit Executive,7,65
1679,1,4,SY,91,PwC,Junior Consultant,4,80
2051,1,3,FY,48,KPMG,Audit Associate,5,79
1416,2,4,PART1,78,Accenture,Finance Analyst,5,28
372,2,1,PART1,8,Wipro,Business Analyst,4,75
2301,1,4,PART1,49,Wipro,Business Analyst,4,90
1445,1,3,TY,59,Grant Thornton,Audit Trainee,6,60
2455,1,3,PART1,33,KPMG,Audit Associate,7,65
1893,2,3,PART2,3,ICICI Bank,Relationship Officer,6,42
1396,2,1,PART2,32,Deloitte,Tax Analyst,5,72
3025,1,2,PART1,56,Grant Thornton,Audit Trainee,5,78
2061,1,4,PART2,72,ICICI Bank,Relationship Officer,4,58
1966,1,1,PART2,11,KPMG,Audit Associate,6,74
1135,2,3,SY,66,Accenture,Finance Analyst,4,52
1295,1,2,PART2,55,Infosys,Data Analyst,4,64
1133,1,4,SY,21,KPMG,Audit Associate,6,70
1448,1,1,PART2,38,ICICI Bank,Relationship Officer,4,51
2383,1,2,FY,17,ICICI Bank,Relationship Officer,4,75
1228,1,3,TY,35,TCS,Audit Executive,4,51
2843,2,3,PART1,79,Deloitte,Tax Analyst,5,93
1872,2,3,PART2,24,Grant Thornton,Audit Trainee,6,47
1343,2,1,TY,28,Wipro,Business Analyst,6,84
1185,2,1,TY,82,Accenture,Finance Analyst,5,95
1663,1,1,TY,74,Infosys,Data Analyst,4,78
1306,2,1,SY,46,EY,GST Executive,4,75
344,2,3,FY,58,Infosys,Data Analyst,6,74
233,2,3,SY,17,EY,GST Executive,4,75
867,2,4,TY,37,EY,GST Executive,7,66
464,2,4,SY,38,TCS,Audit Executive,4,55
1590,1,3,SY,81,TCS,Audit Executive,6,68
1186,1,3,PART2,35,PwC,Junior Consultant,4,84
1880,1,2,SY,87,Infosys,Data Analyst,4,77
148,2,3,PART2,48,Deloitte,Tax Analyst,7,45
1632,2,3,SY,50,TCS,Audit Executive,6,52
698,1,1,FY,88,Infosys,Data Analyst,5,85
1421,2,1,SY,59,Accenture,Finance Analyst,5,50
2573,2,4,TY,15,EY,GST Executive,6,49
2747,1,1,PART2,3,TCS,Audit Executive,4,37
1736,1,4,FY,52,Wipro,Business Analyst,4,48
1669,2,2,PART1,63,KPMG,Audit Associate,5,31
1395,1,3,FY,29,KPMG,Audit Associate,7,46
2691,1,4,FY,40,PwC,Junior Consultant,5,40
1162,1,3,TY,7,Grant Thornton,Audit Trainee,7,31
3002,1,3,SY,8,Deloitte,Tax Analyst,5,41
2614,2,2,PART2,31,Grant Thornton,Audit Trainee,5,93
634,2,2,TY,66,KPMG,Audit Associate,6,64
2366,2,2,SY,60,Accenture,Finance Analyst,6,68
413,2,4,TY,43,Accenture,Finance Analyst,4,74
2711,1,4,PART2,4,EY,GST Executive,6,67
1378,2,4,PART1,18,TCS,Audit Executive,4,52
154,1,4,SY,73,TCS,Audit Executive,5,68
1128,2,1,TY,38,KPMG,Audit Associate,6,50
1204,1,1,TY,10,Infosys,Data Analyst,7,58
2803,1,1,TY,81,Deloitte,Tax Analyst,5,48
1635,2,3,SY,64,Grant Thornton,Audit Trainee,5,58
1501,2,2,PART1,21,Deloitte,Tax Analyst,6,70
171,1,1,SY,5,ICICI Bank,Relationship Officer,4,60
266,1,4,FY,3,KPMG,Audit Associate,4,37
2434,1,1,PART2,16,TCS,Audit Executive,5,86
1439,2,3,TY,37,Grant Thornton,Audit Trainee,5,27
2043,1,2,SY,78,EY,GST Executive,4,50
104,1,4,FY,53,TCS,Audit Executive,6,85
971,2,2,PART2,59,PwC,Junior Consultant,5,24
2308,2,3,PART2,8,Deloitte,Tax Analyst,6,55
1065,2,4,PART1,68,Accenture,Finance Analyst,7,48
2897,1,3,FY,13,EY,GST Executive,7,31
574,1,1,PART1,90,Deloitte,Tax Analyst,4,86
2141,1,2,FY,44,Wipro,Business Analyst,7,78
534,1,4,PART1,61,Deloitte,Tax Analyst,6,80
309,1,2,PART1,17,ICICI Bank,Relationship Officer,6,48
2977,2,2,PART2,47,Wipro,Business Analyst,6,76
2687,1,1,FY,15,Infosys,Data Analyst,4,38
1611,1,3,PART2,66,EY,GST Executive,7,58
2943,2,1,FY,24,ICICI Bank,Relationship Officer,5,82
1155,1,3,TY,56,TCS,Audit Executive,6,73
126,1,4,SY,19,Deloitte,Tax Analyst,5,79
536,1,4,SY,22,PwC,Junior Consultant,4,45
2544,2,3,PART1,72,Grant Thornton,Audit Trainee,6,51
2431,1,3,FY,22,ICICI Bank,Relationship Officer,5,65
1510,2,2,SY,85,Deloitte,Tax Analyst,5,70
547,2,2,SY,45,EY,GST Executive,6,43
1017,2,1,TY,69,ICICI Bank,Relationship Officer,6,83
377,2,1,FY,39,TCS,Audit Executive,7,34
504,1,3,TY,66,Accenture,Finance Analyst,6,79
2856,1,4,PART1,30,EY,GST Executive,4,65
1261,1,1,FY,11,EY,GST Executive,4,32
1764,2,1,FY,76,KPMG,Audit Associate,5,69
165,1,2,TY,10,Grant Thornton,Audit Trainee,5,54
1970,1,2,TY,88,EY,GST Executive,6,62
2383,2,2,PART2,88,Infosys,Data Analyst,6,39
2205,2,1,TY,38,ICICI Bank,Relationship Officer,7,49
1255,2,4,PART1,66,TCS,Audit Executive,4,99
403,2,3,TY,61,Accenture,Finance Analyst,4,62
396,2,1,TY,67,Deloitte,Tax Analyst,4,46
2444,1,3,FY,81,KPMG,Audit Associate,7,59
2947,1,2,PART2,47,ICICI Bank,Relationship Officer,6,82
1488,1,3,SY,93,ICICI Bank,Relationship Officer,6,73
1770,1,3,FY,90,EY,GST Executive,6,59
1294,2,2,PART1,57,TCS,Audit Executive,4,54
1437,2,4,PART2,51,TCS,Audit Executive,4,39
1733,1,4,SY,5,Infosys,Data Analyst,6,29
451,2,4,PART2,18,ICICI Bank,Relationship Officer,6,67
2068,1,3,FY,42,Wipro,Business Analyst,5,56
3047,1,1,PART1,95,ICICI Bank,Relationship Officer,4,52
1492,1,3,SY,30,PwC,Junior Consultant,5,56
2522,2,1,PART1,57,Wipro,Business Analyst,7,56
965,1,3,PART1,72,TCS,Audit Executive,5,72
1355,2,2,PART2,68,Infosys,Data Analyst,4,78
2395,2,1,PART1,30,ICICI Bank,Relationship Officer,7,73
701,1,1,FY,24,EY,GST Executive,6,32
2262,2,2,TY,97,EY,GST Executive,6,66
2043,1,4,PART2,97,PwC,Junior Consultant,6,73
2066,2,1,TY,11,Wipro,Business Analyst,4,91
2812,2,2,FY,16,Accenture,Finance Analyst,7,57
1667,2,1,PART1,32,ICICI Bank,Relationship Officer,5,33
1807,2,2,SY,85,Accenture,Finance Analyst,6,59
1475,1,1,PART2,92,Wipro,Business Analyst,5,88
245,2,4,FY,80,EY,GST Executive,4,56
2737,1,4,PART1,50,ICICI Bank,Relationship Officer,6,62
1227,2,3,TY,3,TCS,Audit Executive,6,78
2232,1,4,PART1,82,Grant Thornton,Audit Trainee,7,67
1500,1,3,PART1,81,Deloitte,Tax Analyst,5,69
2671,2,2,FY,83,KPMG,Audit Associate,4,28
464,1,4,PART2,61,ICICI Bank,Relationship Officer,6,39
841,1,3,PART1,34,Accenture,Finance Analyst,4,50
1467,2,1,TY,40,ICICI Bank,Relationship Officer,6,66
1003,1,4,TY,89,Accenture,Finance Analyst,5,61
1693,2,3,PART2,61,KPMG,Audit Associate,5,72
537,1,4,SY,93,Deloitte,Tax Analyst,5,47
1650,1,4,TY,74,Grant Thornton,Audit Trainee,6,84
2898,1,3,PART2,11,Wipro,Business Analyst,6,73
1341,2,2,SY,37,Grant Thornton,Audit Trainee,6,79
307,1,3,FY,24,Accenture,Finance Analyst,5,99
1475,1,1,PART2,84,KPMG,Audit Associate,5,72
280,2,1,PART1,28,Wipro,Business Analyst,5,42
1136,2,3,FY,46,ICICI Bank,Relationship Officer,4,78
2126,1,1,SY,89,PwC,Junior Consultant,4,89
1088,2,4,PART2,22,KPMG,Audit Associate,6,85
518,1,4,FY,53,PwC,Junior Consultant,6,87
2789,1,1,PART2,8,Wipro,Business Analyst,5,66
1264,1,2,FY,12,EY,GST Executive,5,93
2282,2,1,SY,95,Wipro,Business Analyst,6,64
1649,1,3,PART1,82,ICICI Bank,Relationship Officer,4,47
313,2,3,SY,93,Grant Thornton,Audit Trainee,4,83
2181,2,1,PART1,70,KPMG,Audit Associate,6,60
2706,2,4,FY,64,KPMG,Audit Associate,5,51
2551,2,4,PART1,27,Accenture,Finance Analyst,4,100
1358,1,3,PART2,32,KPMG,Audit Associate,7,61
40,2,2,FY,75,Grant Thornton,Audit Trainee,4,72
860,2,1,SY,40,ICICI Bank,Relationship Officer,7,56
1212,2,2,PART2,89,PwC,Junior Consultant,5,66
2515,2,2,TY,59,TCS,Audit Executive,7,35
2931,2,3,FY,61,Infosys,Data Analyst,6,35
2444,1,4,TY,17,Infosys,Data Analyst,5,87
918,2,3,TY,79,PwC,Junior Consultant,4,72
1194,1,4,PART1,6,ICICI Bank,Relationship Officer,7,46
1069,2,4,SY,24,Infosys,Data Analyst,7,49
2973,1,3,SY,24,Wipro,Business Analyst,6,59
1577,2,1,TY,58,Wipro,Business Analyst,5,51
2663,1,4,TY,97,KPMG,Audit Associate,4,98
1032,1,1,PART1,39,KPMG,Audit Associate,6,55
1471,1,2,FY,13,Accenture,Finance Analyst,6,75
693,2,1,TY,18,Accenture,Finance Analyst,4,93
2731,2,4,PART2,70,TCS,Audit Executive,5,66
283,1,3,SY,49,Deloitte,Tax Analyst,5,75
1172,1,4,TY,94,EY,GST Executive,4,53
1851,1,3,PART2,93,Grant Thornton,Audit Trainee,6,49
762,1,1,PART1,4,TCS,Audit Executive,5,67
977,1,2,TY,24,Infosys,Data Analyst,4,46
634,1,2,PART1,63,ICICI Bank,Relationship Officer,4,66
217,1,3,PART1,62,KPMG,Audit Associate,4,61
548,2,3,FY,25,Wipro,Business Analyst,7,25
1232,1,3,TY,5,ICICI Bank,Relationship Officer,4,24
855,1,1,PART2,87,Infosys,Data Analyst,5,69
905,2,3,FY,76,Accenture,Finance Analyst,6,78
298,2,1,FY,13,Grant Thornton,Audit Trainee,6,45
2573,2,1,FY,59,PwC,Junior Consultant,7,65
2146,1,2,PART2,27,Wipro,Business Analyst,5,62
987,2,4,PART2,30,TCS,Audit Executive,5,40
658,2,1,SY,17,PwC,Junior Consultant,7,54
773,2,3,FY,93,TCS,Audit Executive,6,53
367,1,1,SY,91,Infosys,Data Analyst,6,76
1934,2,4,PART2,4,Grant Thornton,Audit Trainee,5,72
97,1,2,PART1,77,Grant Thornton,Audit Trainee,5,89
2204,2,1,TY,87,Grant Thornton,Audit Trainee,4,68
678,2,2,FY,61,KPMG,Audit Associate,4,74
826,2,4,PART2,47,ICICI Bank,Relationship Officer,5,72
1459,2,2,TY,11,Deloitte,Tax Analyst,6,71
2519,1,1,TY,42,PwC,Junior Consultant,7,83
2159,1,3,FY,11,Grant Thornton,Audit Trainee,7,53
722,2,2,TY,32,KPMG,Audit Associate,7,32
2038,2,4,FY,84,Wipro,Business Analyst,7,58
2770,2,3,FY,22,Accenture,Finance Analyst,5,79
1730,1,4,PART1,25,Infosys,Data Analyst,6,63
2384,2,4,PART1,75,Accenture,Finance Analyst,6,60
2438,2,3,PART1,50,Infosys,Data Analyst,5,49
2752,2,3,PART2,39,Accenture,Finance Analyst,4,89
907,1,1,PART2,2,Deloitte,Tax Analyst,4,60
33,1,2,FY,63,Infosys,Data Analyst,7,69
1373,1,4,PART1,11,TCS,Audit Executive,5,69
2078,2,2,TY,39,ICICI Bank,Relationship Officer,6,50
2427,1,3,PART2,54,Deloitte,Tax Analyst,6,86
553,2,4,TY,44,ICICI Bank,Relationship Officer,6,78
1867,2,1,FY,30,ICICI Bank,Relationship Officer,4,61
1292,1,2,TY,91,PwC,Junior Consultant,4,49
2448,2,1,PART1,27,ICICI Bank,Relationship Officer,4,38
2575,2,2,SY,21,Deloitte,Tax Analyst,4,59
2615,1,3,TY,60,EY,GST Executive,6,77
2720,2,2,TY,40,PwC,Junior Consultant,4,66
2186,2,1,FY,89,Wipro,Business Analyst,4,48
155,1,2,FY,96,Deloitte,Tax Analyst,4,55
795,1,1,TY,79,PwC,Junior Consultant,7,92
52,2,2,PART1,28,ICICI Bank,Relationship Officer,5,52
102,1,1,PART1,70,KPMG,Audit Associate,4,85
2481,1,3,FY,39,Wipro,Business Analyst,6,61
1336,1,1,PART1,69,Infosys,Data Analyst,5,36
967,2,1,FY,57,ICICI Bank,Relationship Officer,5,51
2915,2,2,PART2,5,Deloitte,Tax Analyst,4,87
1530,2,4,TY,40,TCS,Audit Executive,5,29
798,2,3,TY,19,Infosys,Data Analyst,6,27
2684,2,2,TY,75,Accenture,Finance Analyst,4,47
572,2,2,PART2,87,Accenture,Finance Analyst,5,85
2453,2,4,FY,12,Wipro,Business Analyst,4,74
1363,2,2,PART1,93,Deloitte,Tax Analyst,5,55
1679,1,2,SY,76,KPMG,Audit Associate,4,61
1001,1,4,FY,67,Grant Thornton,Audit Trainee,6,84
1553,1,1,TY,33,Accenture,Finance Analyst,5,59
309,2,3,PART1,42,Deloitte,Tax Analyst,4,79
1489,2,1,TY,14,Wipro,Business Analyst,4,80
2148,1,3,TY,96,Grant Thornton,Audit Trainee,7,78
1118,1,1,PART1,48,Grant Thornton,Audit Trainee,5,51
624,2,4,TY,25,Deloitte,Tax Analyst,7,68
2897,1,2,PART1,67,Wipro,Business Analyst,6,57
575,1,1,SY,33,Wipro,Business Analyst,4,68
817,1,1,TY,96,Wipro,Business Analyst,4,60
1523,2,3,PART1,77,Wipro,Business Analyst,7,53
1365,2,1,SY,89,EY,GST Executive,6,75
1619,2,1,FY,92,EY,GST Executive,4,54
2170,1,4,TY,35,ICICI Bank,Relationship Officer,5,46
2016,1,3,FY,16,TCS,Audit Executive,4,51
2102,2,2,SY,56,Infosys,Data Analyst,4,67
950,2,1,SY,91,ICICI Bank,Relationship Officer,4,72
1929,1,2,FY,86,Accenture,Finance Analyst,7,58
2429,2,2,TY,49,KPMG,Audit Associate,4,41
19,2,1,PART1,13,PwC,Junior Consultant,7,40
3019,2,2,PART1,18,KPMG,Audit Associate,4,59
1685,1,2,TY,18,Deloitte,Tax Analyst,6,67
2141,1,3,PART1,26,EY,GST Executive,5,48
526,1,1,SY,91,ICICI Bank,Relationship Officer,5,47
1251,1,1,FY,32,Infosys,Data Analyst,4,76
2541,1,4,PART2,16,Infosys,Data Analyst,6,75
1801,2,2,PART1,95,Deloitte,Tax Analyst,5,83
2303,2,4,SY,72,Grant Thornton,Audit Trainee,4,45
2131,1,2,SY,53,TCS,Audit Executive,7,77
204,1,1,FY,87,Wipro,Business Analyst,5,57
928,1,2,TY,26,EY,GST Executive,6,73
60,1,1,PART2,15,Deloitte,Tax Analyst,6,51
254,1,4,SY,60,Wipro,Business Analyst,4,57
40,2,2,PART1,7,KPMG,Audit Associate,5,38
1288,1,1,SY,59,TCS,Audit Executive,4,60
1426,2,4,TY,70,PwC,Junior Consultant,7,72
1901,2,4,SY,89,EY,GST Executive,4,55
389,2,3,TY,76,Grant Thornton,Audit Trainee,7,57
1325,2,2,SY,1,Grant Thornton,Audit Trainee,5,68
2528,2,3,PART1,83,Infosys,Data Analyst,4,77
1552,1,3,FY,72,Grant Thornton,Audit Trainee,5,99
1745,1,2,PART2,30,KPMG,Audit Associate,5,28
1195,1,2,PART1,19,Wipro,Business Analyst,4,52
1965,1,1,TY,76,Wipro,Business Analyst,5,94
1339,2,2,FY,38,PwC,Junior Consultant,4,80
2691,2,2,PART1,87,Grant Thornton,Audit Trainee,5,61
2393,2,2,PART2,55,ICICI Bank,Relationship Officer,7,50
2667,2,4,TY,53,Deloitte,Tax Analyst,4,89
748,1,4,TY,68,KPMG,Audit Associate,4,30
839,1,3,FY,95,EY,GST Executive,5,75
2911,1,4,FY,11,Infosys,Data Analyst,4,76
918,1,4,SY,94,Wipro,Business Analyst,5,44
1502,2,3,SY,76,Wipro,Business Analyst,4,37
2562,2,2,TY,82,PwC,Junior Consultant,4,75
1640,1,1,PART2,43,PwC,Junior Consultant,5,50
535,2,2,PART1,10,KPMG,Audit Associate,6,54
1427,1,1,TY,59,PwC,Junior Consultant,7,59
1094,1,2,SY,68,Grant Thornton,Audit Trainee,4,60
781,2,4,PART2,9,EY,GST Executive,4,77
998,1,1,PART1,16,Infosys,Data Analyst,4,48
2240,2,1,SY,25,Grant Thornton,Audit Trainee,7,69
2256,1,3,SY,43,EY,GST Executive,5,47
49,1,2,PART1,25,EY,GST Executive,6,66
2006,1,1,PART2,8,EY,GST Executive,4,74
2258,1,2,PART2,78,ICICI Bank,Relationship Officer,7,68
2978,1,3,PART2,33,ICICI Bank,Relationship Officer,4,60
1269,2,4,TY,35,Wipro,Business Analyst,4,98
2712,2,4,FY,27,Accenture,Finance Analyst,5,63
1992,1,4,PART1,75,Grant Thornton,Audit Trainee,5,48
1209,1,3,PART2,47,PwC,Junior Consultant,7,46
293,2,1,SY,71,ICICI Bank,Relationship Officer,4,60
1178,2,4,PART1,49,Accenture,Finance Analyst,4,64
598,2,1,FY,94,ICICI Bank,Relationship Officer,5,68
382,1,2,PART1,18,PwC,Junior Consultant,4,75
2521,2,3,TY,67,EY,GST Executive,4,39
2802,2,3,SY,40,ICICI Bank,Relationship Officer,4,77
1611,1,4,FY,18,TCS,Audit Executive,6,59
161,2,4,SY,26,ICICI Bank,Relationship Officer,6,78
858,1,4,TY,40,Wipro,Business Analyst,5,79
452,1,4,PART2,79,Deloitte,Tax Analyst,5,32
2151,1,3,TY,19,Wipro,Business Analyst,5,62
507,2,3,SY,2,Grant Thornton,Audit Trainee,5,71
96,2,4,SY,34,Wipro,Business Analyst,5,58
1198,1,3,PART1,83,Infosys,Data Analyst,7,44
380,1,3,TY,36,Infosys,Data Analyst,6,54
632,1,2,FY,69,Deloitte,Tax Analyst,4,54
979,1,4,PART2,51,Wipro,Business Analyst,5,68
1082,2,4,PART2,31,Wipro,Business Analyst,7,55
2376,1,1,TY,32,Wipro,Business Analyst,5,45
1516,1,2,PART2,82,KPMG,Audit Associate,7,46
2761,1,4,TY,65,TCS,Audit Executive,4,64
634,1,4,TY,49,EY,GST Executive,5,88
1577,2,3,FY,64,Grant Thornton,Audit Trainee,6,65
2684,2,2,TY,75,Infosys,Data Analyst,4,58
96,1,1,PART1,79,ICICI Bank,Relationship Officer,6,85
2820,2,3,PART1,14,TCS,Audit Executive,7,25
2619,1,3,PART1,41,ICICI Bank,Relationship Officer,5,65
2341,1,2,FY,1,Infosys,Data Analyst,6,79
2702,1,2,PART1,90,TCS,Audit Executive,7,44
630,1,3,TY,82,Wipro,Business Analyst,4,64
1396,2,4,SY,87,Grant Thornton,Audit Trainee,6,76
2775,2,2,PART2,13,Wipro,Business Analyst,6,49
2319,2,3,PART1,61,Wipro,Business Analyst,5,94
575,2,1,PART2,70,Wipro,Business Analyst,5,57
548,1,4,PART2,56,KPMG,Audit Associate,5,81
1032,2,2,SY,87,Grant Thornton,Audit Trainee,4,48
2891,1,3,SY,52,Deloitte,Tax Analyst,6,61
1001,2,1,PART2,24,Deloitte,Tax Analyst,5,66
2156,2,1,PART2,17,ICICI Bank,Relationship Officer,4,47
2686,2,1,SY,12,Grant Thornton,Audit Trainee,5,52
2181,2,1,SY,57,KPMG,Audit Associate,5,76
2032,2,2,SY,29,EY,GST Executive,6,64
213,1,2,FY,84,Infosys,Data Analyst,4,57
799,1,4,PART1,1,Wipro,Business Analyst,5,56
1743,2,1,SY,34,Infosys,Data Analyst,7,59
904,1,3,SY,67,Deloitte,Tax Analyst,6,52
1907,2,1,PART2,41,Accenture,Finance Analyst,7,74
331,1,4,PART1,66,Grant Thornton,Audit Trainee,4,59
886,2,2,FY,48,ICICI Bank,Relationship Officer,6,66
2435,1,2,TY,9,PwC,Junior Consultant,6,63
295,1,4,FY,85,Accenture,Finance Analyst,6,69
630,2,1,SY,93,PwC,Junior Consultant,6,73
1948,1,3,PART2,53,Grant Thornton,Audit Trainee,7,76
34,1,2,PART1,27,Wipro,Business Analyst,4,50
2103,2,3,PART2,77,Accenture,Finance Analyst,6,83
1215,2,3,PART2,50,Grant Thornton,Audit Trainee,5,67
509,2,1,SY,77,Deloitte,Tax Analyst,6,66
39,2,4,PART1,34,KPMG,Audit Associate,7,62
2055,1,2,SY,57,PwC,Junior Consultant,4,55
2995,2,3,SY,6,TCS,Audit Executive,4,63
1359,1,4,FY,60,TCS,Audit Executive,6,79
2124,1,3,FY,28,EY,GST Executive,5,59
724,1,3,TY,32,Deloitte,Tax Analyst,4,70
1632,1,1,PART2,46,KPMG,Audit Associate,5,35
703,2,2,TY,18,EY,GST Executive,5,40
80,1,2,PART2,17,KPMG,Audit Associate,5,38
1271,2,2,PART2,18,EY,GST Executive,7,32
44,1,3,FY,57,TCS,Audit Executive,6,83
93,1,3,SY,81,Wipro,Business Analyst,5,34
2568,2,2,SY,27,Grant Thornton,Audit Trainee,4,68
767,2,4,PART1,8,ICICI Bank,Relationship Officer,4,88
2844,1,2,PART2,42,PwC,Junior Consultant,6,57
1833,2,3,FY,85,Grant Thornton,Audit Trainee,5,64
2247,2,1,PART2,27,KPMG,Audit Associate,4,45
1333,2,2,PART1,38,TCS,Audit Executive,6,55
2934,2,4,FY,38,PwC,Junior Consultant,6,66
1446,1,1,TY,84,Accenture,Finance Analyst,4,66
849,2,3,TY,16,Accenture,Finance Analyst,7,88
183,1,2,SY,72,EY,GST Executive,6,62
2620,1,4,FY,36,Wipro,Business Analyst,7,38
1351,1,2,FY,40,TCS,Audit Executive,5,55
1282,2,4,FY,24,EY,GST Executive,7,28
1617,1,2,FY,57,Infosys,Data Analyst,6,79
2635,1,1,SY,11,Wipro,Business Analyst,5,40
1238,1,3,TY,62,TCS,Audit Executive,4,48
183,1,1,PART1,26,Infosys,Data Analyst,6,53
1313,2,2,PART1,15,PwC,Junior Consultant,5,81
462,2,3,SY,16,Wipro,Business Analyst,6,66
2857,2,2,PART2,4,KPMG,Audit Associate,6,86
858,2,1,PART1,59,TCS,Audit Executive,7,86
50,1,2,FY,96,TCS,Audit Executive,5,38
2697,1,1,PART2,69,Wipro,Business Analyst,6,33
1979,1,4,PART2,23,Grant Thornton,Audit Trainee,7,75
2085,1,4,PART1,46,Deloitte,Tax Analyst,6,79
693,2,4,PART2,1,Wipro,Business Analyst,4,75
723,2,4,PART1,58,EY,GST Executive,4,69
1125,1,3,PART1,59,Infosys,Data Analyst,6,40
2806,1,3,PART1,93,TCS,Audit Executive,6,75
2617,1,1,TY,44,Accenture,Finance Analyst,4,71
1468,2,2,FY,71,TCS,Audit Executive,5,31
535,1,1,SY,29,TCS,Audit Executive,4,63
2019,2,2,PART2,80,Grant Thornton,Audit Trainee,6,46
220,2,1,FY,62,Infosys,Data Analyst,6,90
2155,1,4,PART2,52,EY,GST Executive,5,56
686,2,4,TY,49,Accenture,Finance Analyst,4,55
2214,2,1,FY,48,Deloitte,Tax Analyst,5,47
2018,1,4,SY,80,Grant Thornton,Audit Trainee,7,63
132,2,1,PART2,57,Deloitte,Tax Analyst,7,69
1494,2,1,SY,88,TCS,Audit Executive,4,50
430,2,4,PART2,71,Infosys,Data Analyst,4,69
652,2,2,PART1,24,Accenture,Finance Analyst,4,59
1888,2,4,PART1,26,Deloitte,Tax Analyst,4,45
726,2,1,SY,33,Infosys,Data Analyst,7,67
2393,1,4,SY,12,PwC,Junior Consultant,4,60
1008,2,1,TY,7,TCS,Audit Executive,4,72
1909,2,2,PART2,33,PwC,Junior Consultant,7,63
1655,2,1,FY,84,Deloitte,Tax Analyst,7,74
469,1,4,FY,97,TCS,Audit Executive,6,39
1864,1,3,TY,91,Accenture,Finance Analyst,6,64
2550,2,3,SY,55,Infosys,Data Analyst,5,80
2005,2,1,PART2,52,EY,GST Executive,7,96
1098,1,1,PART2,36,PwC,Junior Consultant,4,54
30,1,3,PART1,5,PwC,Junior Consultant,4,80
1933,1,4,SY,22,TCS,Audit Executive,6,65
681,2,3,PART1,65,KPMG,Audit Associate,7,95
2876,1,3,PART1,85,Accenture,Finance Analyst,6,55
2728,1,4,TY,40,EY,GST Executive,5,51
1380,1,3,PART1,74,Grant Thornton,Audit Trainee,5,24
334,2,4,FY,22,KPMG,Audit Associate,5,93
621,2,4,PART1,86,Wipro,Business Analyst,7,69
1850,1,1,PART1,25,Accenture,Finance Analyst,7,40
2663,1,4,FY,72,PwC,Junior Consultant,4,40
2670,2,2,PART2,31,Infosys,Data Analyst,7,88
1264,1,1,PART2,57,EY,GST Executive,6,79
1665,1,4,PART1,59,ICICI Bank,Relationship Officer,7,80
2910,1,3,SY,24,Deloitte,Tax Analyst,5,62
313,1,1,TY,23,KPMG,Audit Associate,6,72
2065,2,1,PART2,82,Accenture,Finance Analyst,4,82
57,2,3,PART2,38,TCS,Audit Executive,4,59
2481,1,1,TY,42,Infosys,Data Analyst,5,59
1879,1,2,SY,63,TCS,Audit Executive,4,68
617,2,3,FY,37,Accenture,Finance Analyst,6,42
420,2,2,TY,43,PwC,Junior Consultant,4,65
1541,2,4,SY,29,Deloitte,Tax Analyst,6,56
2580,2,4,TY,60,TCS,Audit Executive,4,65
2215,2,2,PART1,93,Infosys,Data Analyst,7,45
2442,2,4,PART1,2,Accenture,Finance Analyst,5,99
2183,2,1,SY,54,Infosys,Data Analyst,4,46
2540,2,1,PART1,15,Deloitte,Tax Analyst,4,82
2326,1,4,PART1,7,KPMG,Audit Associate,5,69
2033,2,2,FY,52,Grant Thornton,Audit Trainee,4,35
286,1,1,TY,23,Deloitte,Tax Analyst,6,63
1345,2,3,SY,60,PwC,Junior Consultant,7,45
2114,1,3,SY,73,KPMG,Audit Associate,7,78
222,2,4,TY,59,ICICI Bank,Relationship Officer,6,36
1466,2,1,PART1,84,EY,GST Executive,6,62
176,2,2,PART2,95,PwC,Junior Consultant,7,47
1646,2,3,SY,81,TCS,Audit Executive,7,83
1568,2,4,TY,97,ICICI Bank,Relationship Officer,4,49
1327,2,2,PART2,10,KPMG,Audit Associate,5,89
1209,2,4,TY,19,Grant Thornton,Audit Trainee,4,42
143,1,1,FY,23,TCS,Audit Executive,5,61
1177,2,4,PART2,8,ICICI Bank,Relationship Officer,5,78
1481,2,1,SY,79,PwC,Junior Consultant,4,51
1752,1,2,PART2,90,ICICI Bank,Relationship Officer,6,99
1435,1,4,SY,88,Infosys,Data Analyst,4,78
1825,1,4,TY,19,PwC,Junior Consultant,5,79
152,1,1,PART1,63,Accenture,Finance Analyst,7,68
1986,2,4,FY,77,PwC,Junior Consultant,6,76
2023,1,3,FY,35,Deloitte,Tax Analyst,5,71
436,2,1,FY,3,ICICI Bank,Relationship Officer,5,35
1612,1,1,SY,44,EY,GST Executive,5,52
2151,1,2,PART2,29,PwC,Junior Consultant,4,54
778,1,2,SY,93,EY,GST Executive,7,36
778,2,4,PART1,46,Infosys,Data Analyst,4,64
2095,1,1,SY,36,TCS,Audit Executive,5,73
1913,2,1,SY,55,Grant Thornton,Audit Trainee,5,56
698,2,4,TY,38,Infosys,Data Analyst,4,24
3009,2,2,SY,60,KPMG,Audit Associate,7,69
1929,1,1,FY,85,Deloitte,Tax Analyst,7,43
1320,2,3,PART1,36,Deloitte,Tax Analyst,6,79
2287,1,4,TY,2,Wipro,Business Analyst,6,66
1411,2,2,PART1,26,KPMG,Audit Associate,4,90
1363,2,2,TY,77,Wipro,Business Analyst,6,64
2328,1,2,PART2,32,Accenture,Finance Analyst,7,46
466,1,1,SY,17,ICICI Bank,Relationship Officer,6,54
851,1,4,FY,29,Grant Thornton,Audit Trainee,4,75
1367,2,3,PART2,73,EY,GST Executive,6,78
334,1,3,PART2,29,Deloitte,Tax Analyst,5,83
119,1,2,FY,47,Infosys,Data Analyst,7,64
1415,1,1,TY,34,Accenture,Finance Analyst,7,65
491,1,4,SY,37,TCS,Audit Executive,4,45
1842,1,3,SY,78,Infosys,Data Analyst,5,86
3044,2,4,TY,23,Accenture,Finance Analyst,7,40
1505,2,1,TY,32,Infosys,Data Analyst,4,68
2265,2,1,SY,51,Infosys,Data Analyst,6,77
2090,2,1,PART2,21,Accenture,Finance Analyst,6,83
1906,2,4,TY,59,Wipro,Business Analyst,4,53
1949,2,3,FY,33,KPMG,Audit Associate,5,35
1838,2,2,PART2,35,ICICI Bank,Relationship Officer,7,73
2059,2,2,TY,93,Infosys,Data Analyst,5,83
2281,2,3,FY,58,ICICI Bank,Relationship Officer,4,63
2563,2,1,SY,52,Wipro,Business Analyst,5,24
2187,1,2,PART1,82,Infosys,Data Analyst,5,95
391,2,2,TY,66,PwC,Junior Consultant,4,60
2650,1,1,PART1,88,Infosys,Data Analyst,4,36
138,2,3,TY,94,Grant Thornton,Audit Trainee,4,54
726,1,1,PART2,2,PwC,Junior Consultant,6,70
3025,2,3,TY,60,Grant Thornton,Audit Trainee,4,46
2549,2,3,TY,58,TCS,Audit Executive,5,70
1149,1,4,TY,76,Accenture,Finance Analyst,5,38
438,1,4,PART2,27,Deloitte,Tax Analyst,4,49
230,2,4,FY,41,Deloitte,Tax Analyst,5,74
173,1,4,TY,72,ICICI Bank,Relationship Officer,7,64
2327,2,4,SY,93,Deloitte,Tax Analyst,7,63
2101,2,1,FY,76,KPMG,Audit Associate,7,58
1747,2,3,SY,96,Infosys,Data Analyst,4,44
1524,1,2,PART1,43,PwC,Junior Consultant,6,64
2072,1,3,TY,3,EY,GST Executive,7,67
984,2,4,PART2,92,EY,GST Executive,6,35
335,1,1,PART1,17,EY,GST Executive,4,65
1099,1,3,TY,36,TCS,Audit Executive,4,89
40,1,3,FY,65,PwC,Junior Consultant,4,78
33,1,4,PART1,74,PwC,Junior Consultant,5,48
1970,1,1,PART1,14,EY,GST Executive,4,46
854,1,2,TY,82,Infosys,Data Analyst,4,38
198,2,1,FY,70,Deloitte,Tax Analyst,6,75
2751,1,3,SY,65,Accenture,Finance Analyst,7,40
1878,1,2,PART2,71,Deloitte,Tax Analyst,6,84
90,1,2,TY,76,Wipro,Business Analyst,6,69
2502,1,1,PART2,68,ICICI Bank,Relationship Officer,7,71
923,2,3,TY,29,ICICI Bank,Relationship Officer,4,88
384,1,2,PART1,32,Wipro,Business Analyst,5,44
1778,2,3,FY,82,Deloitte,Tax Analyst,7,68
1493,2,1,PART1,62,Accenture,Finance Analyst,6,57
1356,1,3,TY,29,EY,GST Executive,5,63
2348,1,4,SY,69,KPMG,Audit Associate,7,37
667,1,3,FY,49,Wipro,Business Analyst,7,58
3027,1,4,PART1,1,KPMG,Audit Associate,4,67
2351,1,3,FY,23,Grant Thornton,Audit Trainee,5,79
1269,2,2,FY,44,TCS,Audit Executive,7,55
2796,1,1,SY,63,EY,GST Executive,6,83
1970,2,4,SY,73,TCS,Audit Executive,4,37
1666,1,3,PART2,84,Accenture,Finance Analyst,4,29
2537,1,1,SY,65,Grant Thornton,Audit Trainee,5,68
2053,2,3,SY,50,KPMG,Audit Associate,7,63
2658,2,1,PART2,97,Grant Thornton,Audit Trainee,6,57
482,1,2,TY,26,KPMG,Audit Associate,4,52
2221,1,1,FY,90,KPMG,Audit Associate,4,71
529,1,3,PART2,48,KPMG,Audit Associate,5,56
258,1,4,PART2,80,Infosys,Data Analyst,6,80
2596,1,1,PART2,37,Infosys,Data Analyst,5,78
936,1,2,PART1,52,TCS,Audit Executive,7,77
315,2,4,PART2,20,Grant Thornton,Audit Trainee,6,54
2909,1,2,PART1,18,KPMG,Audit Associate,6,28
826,2,3,SY,26,ICICI Bank,Relationship Officer,5,75
2682,1,4,TY,24,Grant Thornton,Audit Trainee,7,57
2424,2,4,SY,93,TCS,Audit Executive,4,87
2789,2,1,FY,50,Accenture,Finance Analyst,4,70
20,2,3,TY,57,Accenture,Finance Analyst,4,56
369,2,4,PART2,58,Wipro,Business Analyst,4,49
1643,2,1,FY,32,PwC,Junior Consultant,5,87
1737,1,1,PART2,29,Wipro,Business Analyst,4,24
1411,1,2,SY,44,PwC,Junior Consultant,6,44
1188,1,2,SY,55,PwC,Junior Consultant,5,33
612,2,4,FY,16,Grant Thornton,Audit Trainee,5,27
1144,2,4,PART2,86,Accenture,Finance Analyst,4,44
2428,1,1,PART1,10,ICICI Bank,Relationship Officer,4,72
2739,2,1,FY,16,ICICI Bank,Relationship Officer,4,78
2393,1,1,SY,49,ICICI Bank,Relationship Officer,4,31
586,1,3,PART2,63,EY,GST Executive,6,55
2102,1,2,FY,64,Grant Thornton,Audit Trainee,4,61
824,1,3,SY,83,Wipro,Business Analyst,4,68
960,1,2,TY,90,TCS,Audit Executive,5,71
782,1,2,FY,79,PwC,Junior Consultant,4,52
2684,1,2,SY,65,Accenture,Finance Analyst,7,62
635,2,4,PART1,38,Wipro,Business Analyst,4,74
355,2,1,PART2,52,Accenture,Finance Analyst,6,80
1475,1,2,FY,33,PwC,Junior Consultant,6,54
98,1,3,PART2,43,PwC,Junior Consultant,5,54
320,2,1,TY,44,Grant Thornton,Audit Trainee,5,29
1551,1,2,SY,35,Deloitte,Tax Analyst,6,31
635,2,1,PART1,47,Deloitte,Tax Analyst,4,55
937,2,3,PART1,4,ICICI Bank,Relationship Officer,4,89
388,1,1,PART1,70,KPMG,Audit Associate,7,81
248,2,2,PART2,97,EY,GST Executive,6,93
1628,2,1,PART1,80,Grant Thornton,Audit Trainee,6,41
1112,1,2,FY,28,Deloitte,Tax Analyst,4,60
2657,1,4,TY,91,EY,GST Executive,4,46
2672,2,1,PART1,45,ICICI Bank,Relationship Officer,5,52
1500,1,1,PART1,58,PwC,Junior Consultant,6,70
2703,1,2,PART2,29,EY,GST Executive,5,32
691,2,3,FY,42,ICICI Bank,Relationship Officer,5,34
384,1,3,TY,85,PwC,Junior Consultant,5,65
784,1,2,TY,33,KPMG,Audit Associate,5,42
2259,2,4,FY,75,TCS,Audit Executive,4,32
798,1,4,FY,66,PwC,Junior Consultant,6,78
2021,2,3,PART2,29,Infosys,Data Analyst,4,68
2984,1,1,TY,18,Deloitte,Tax Analyst,7,85
2081,2,4,TY,8,KPMG,Audit Associate,4,43
1557,1,3,SY,61,Grant Thornton,Audit Trainee,6,64
2884,2,1,SY,47,KPMG,Audit Associate,6,73
2495,2,3,FY,37,Wipro,Business Analyst,6,93
488,1,3,TY,80,TCS,Audit Executive,6,73
933,1,3,PART1,67,Infosys,Data Analyst,6,82
1136,2,2,PART1,15,KPMG,Audit Associate,4,86
1400,1,1,FY,63,KPMG,Audit Associate,6,63
2958,2,2,SY,9,ICICI Bank,Relationship Officer,4,62
1732,1,3,PART1,9,Grant Thornton,Audit Trainee,7,35
1925,2,2,PART2,11,Wipro,Business Analyst,6,68
2809,2,1,FY,8,TCS,Audit Executive,5,45
1006,2,2,FY,7,Accenture,Finance Analyst,4,67
529,2,2,PART2,52,KPMG,Audit Associate,4,56
2632,1,1,SY,48,Wipro,Business Analyst,7,68
122,2,1,PART2,26,TCS,Audit Executive,4,77
1514,2,3,FY,11,TCS,Audit Executive,5,28
2809,2,1,SY,33,Wipro,Business Analyst,7,35
2327,1,1,SY,79,Accenture,Finance Analyst,6,74
2705,1,2,FY,95,KPMG,Audit Associate,4,28
2698,2,1,SY,94,Wipro,Business Analyst,7,66
1131,1,4,TY,63,EY,GST Executive,7,56
340,1,3,PART1,63,ICICI Bank,Relationship Officer,6,79
931,1,4,PART1,67,Deloitte,Tax Analyst,6,49
646,2,2,FY,47,Grant Thornton,Audit Trainee,7,32
1166,1,1,SY,44,TCS,Audit Executive,7,38
2960,1,4,FY,32,KPMG,Audit Associate,6,55
1574,2,3,TY,50,PwC,Junior Consultant,5,66
2841,2,1,PART2,57,TCS,Audit Executive,7,53
1790,2,1,FY,91,PwC,Junior Consultant,4,58
2201,2,4,PART2,92,TCS,Audit Executive,6,42
903,2,3,FY,47,Wipro,Business Analyst,6,80
2046,1,2,PART2,64,KPMG,Audit Associate,6,55
3020,2,1,PART1,54,Grant Thornton,Audit Trainee,6,79
284,1,1,PART2,37,TCS,Audit Executive,6,29
1362,2,3,PART1,87,Infosys,Data Analyst,4,44
1593,1,3,FY,13,Infosys,Data Analyst,6,91
507,2,2,SY,27,ICICI Bank,Relationship Officer,6,80
2964,1,3,PART1,86,Accenture,Finance Analyst,6,74
973,2,2,PART2,23,KPMG,Audit Associate,7,52
1329,1,4,SY,85,Accenture,Finance Analyst,6,47
85,1,3,SY,93,ICICI Bank,Relationship Officer,6,63
2236,1,2,SY,23,ICICI Bank,Relationship Officer,4,66
132,2,2,PART2,23,TCS,Audit Executive,5,90
928,2,2,SY,2,Wipro,Business Analyst,5,69
2508,1,1,FY,29,Infosys,Data Analyst,4,72
2075,1,3,FY,22,KPMG,Audit Associate,6,47
1379,2,3,FY,54,Wipro,Business Analyst,6,88
1624,1,1,SY,2,EY,GST Executive,7,46
1585,1,1,PART2,26,Grant Thornton,Audit Trainee,6,93
1416,2,1,FY,35,EY,GST Executive,5,29
1847,2,3,PART2,6,Deloitte,Tax Analyst,4,44
2162,2,1,SY,61,Grant Thornton,Audit Trainee,4,68
414,2,1,TY,11,ICICI Bank,Relationship Officer,5,69
3022,1,4,TY,91,Wipro,Business Analyst,6,68
376,1,1,SY,81,Wipro,Business Analyst,7,75
1320,2,4,PART1,28,ICICI Bank,Relationship Officer,5,56
2679,1,3,FY,33,Deloitte,Tax Analyst,5,79
1390,1,2,PART2,5,Grant Thornton,Audit Trainee,6,60
746,2,1,FY,79,Deloitte,Tax Analyst,5,55
1747,2,1,SY,78,Deloitte,Tax Analyst,4,68
2639,1,2,SY,79,Accenture,Finance Analyst,4,78
194,2,4,TY,8,Infosys,Data Analyst,5,78
1302,1,1,PART2,78,PwC,Junior Consultant,5,33
1325,2,4,TY,79,Accenture,Finance Analyst,5,44
2580,1,2,PART2,31,Grant Thornton,Audit Trainee,5,67
2027,2,4,FY,30,PwC,Junior Consultant,4,92
1940,1,2,PART1,13,Infosys,Data Analyst,5,78
346,1,4,TY,42,Deloitte,Tax Analyst,4,66
648,1,4,FY,90,PwC,Junior Consultant,6,39
2217,1,1,PART1,67,ICICI Bank,Relationship Officer,4,63
2835,1,2,TY,53,KPMG,Audit Associate,4,53
1342,1,1,PART1,31,Infosys,Data Analyst,4,50
2720,1,3,FY,52,PwC,Junior Consultant,6,34
1391,2,1,FY,49,Wipro,Business Analyst,5,57
415,1,1,SY,78,TCS,Audit Executive,6,43
2048,1,2,SY,60,EY,GST Executive,5,64
77,2,1,SY,8,TCS,Audit Executive,4,60
1050,2,4,PART1,19,KPMG,Audit Associate,5,62
289,1,4,PART1,74,Accenture,Finance Analyst,4,42
2906,1,4,PART2,10,PwC,Junior Consultant,6,78
1526,1,1,TY,53,TCS,Audit Executive,4,78
525,1,2,SY,84,PwC,Junior Consultant,4,45
832,2,2,TY,27,Infosys,Data Analyst,4,83
106,2,3,SY,18,TCS,Audit Executive,4,77
2386,2,1,TY,27,Grant Thornton,Audit Trainee,6,61
784,1,1,FY,42,TCS,Audit Executive,6,54
844,2,2,FY,53,Grant Thornton,Audit Trainee,5,78
1198,1,3,FY,87,ICICI Bank,Relationship Officer,6,54
332,1,4,TY,4,Deloitte,Tax Analyst,6,68
382,1,1,PART1,60,KPMG,Audit Associate,5,72
1456,1,2,PART2,32,EY,GST Executive,6,55
2684,1,1,TY,28,Deloitte,Tax Analyst,5,99
1891,1,3,FY,82,Grant Thornton,Audit Trainee,4,52
1587,2,1,PART1,24,Grant Thornton,Audit Trainee,4,60
2863,2,3,SY,51,EY,GST Executive,5,40
1422,1,1,FY,2,Grant Thornton,Audit Trainee,6,34
1452,2,4,PART2,89,KPMG,Audit Associate,6,75
2796,1,1,TY,39,ICICI Bank,Relationship Officer,4,34
1140,1,4,TY,27,EY,GST Executive,6,32
2030,1,4,SY,46,Accenture,Finance Analyst,5,59
2262,1,2,PART2,6,PwC,Junior Consultant,4,78
115,1,1,TY,74,KPMG,Audit Associate,6,46
2937,1,1,FY,84,Deloitte,Tax Analyst,6,45
1648,1,2,FY,85,Accenture,Finance Analyst,4,55
595,1,1,PART1,36,Accenture,Finance Analyst,6,35
106,2,1,FY,31,ICICI Bank,Relationship Officer,4,70
1772,1,2,TY,19,TCS,Audit Executive,7,88
692,2,4,PART2,54,Grant Thornton,Audit Trainee,5,31
647,1,2,FY,15,Deloitte,Tax Analyst,6,56
164,1,3,SY,40,KPMG,Audit Associate,6,55
692,1,1,TY,42,Accenture,Finance Analyst,6,72
778,1,3,PART1,84,Grant Thornton,Audit Trainee,5,48
1728,1,4,TY,77,ICICI Bank,Relationship Officer,5,63
1038,1,1,FY,74,Deloitte,Tax Analyst,7,61
1486,2,1,PART1,62,ICICI Bank,Relationship Officer,6,55
2984,2,1,PART1,64,TCS,Audit Executive,6,95
2698,2,4,PART2,20,PwC,Junior Consultant,6,57
377,1,1,PART2,17,Wipro,Business Analyst,5,48
2190,2,3,PART2,68,Infosys,Data Analyst,4,67
2611,1,3,PART2,60,ICICI Bank,Relationship Officer,6,61
61,1,4,TY,15,Deloitte,Tax Analyst,6,70
2492,1,3,PART2,6,Grant Thornton,Audit Trainee,5,38
121,1,4,TY,10,Wipro,Business Analyst,5,82
1456,1,3,TY,57,Grant Thornton,Audit Trainee,6,47
915,1,2,FY,9,EY,GST Executive,4,69
1760,1,3,TY,78,ICICI Bank,Relationship Officer,5,35
174,1,2,PART2,40,Wipro,Business Analyst,6,50
987,1,3,FY,25,ICICI Bank,Relationship Officer,6,79
1129,2,2,TY,24,ICICI Bank,Relationship Officer,4,59
1450,1,1,TY,64,TCS,Audit Executive,6,57
1973,2,2,FY,37,KPMG,Audit Associate,5,34
2405,2,2,SY,23,PwC,Junior Consultant,7,41
1372,1,2,PART2,27,TCS,Audit Executive,6,56
2460,2,1,PART2,89,KPMG,Audit Associate,4,48
2319,2,2,PART1,74,Infosys,Data Analyst,7,25
135,1,4,PART1,93,KPMG,Audit Associate,4,58
778,1,4,FY,64,TCS,Audit Executive,5,58
6,1,1,PART1,51,ICICI Bank,Relationship Officer,5,70
2422,1,4,TY,43,Deloitte,Tax Analyst,5,49
1599,2,4,FY,20,Grant Thornton,Audit Trainee,5,44
2023,1,3,SY,88,Accenture,Finance Analyst,7,54
2314,1,1,SY,35,KPMG,Audit Associate,4,75
211,1,1,TY,84,Deloitte,Tax Analyst,5,56
1774,1,2,TY,82,ICICI Bank,Relationship Officer,7,58
758,2,4,SY,6,Accenture,Finance Analyst,7,88
36,2,3,PART2,77,TCS,Audit Executive,6,45
1463,2,3,PART1,6,ICICI Bank,Relationship Officer,6,78
270,2,2,TY,63,Deloitte,Tax Analyst,4,65
353,1,3,PART1,50,TCS,Audit Executive,5,93
1110,2,3,PART2,53,KPMG,Audit Associate,6,46
994,1,2,PART1,48,Grant Thornton,Audit Trainee,5,75
1780,1,4,PART2,42,KPMG,Audit Associate,5,78
1675,1,2,SY,93,PwC,Junior Consultant,4,79
1104,2,4,TY,12,Accenture,Finance Analyst,4,87
2858,2,3,PART2,41,Accenture,Finance Analyst,7,69
1632,1,2,PART2,8,Accenture,Finance Analyst,7,63
2921,2,4,PART1,70,TCS,Audit Executive,6,75
591,1,2,FY,4,PwC,Junior Consultant,6,77
485,1,4,PART2,2,TCS,Audit Executive,5,63
933,2,2,PART2,10,PwC,Junior Consultant,7,78
558,2,3,TY,5,Accenture,Finance Analyst,6,46
195,2,3,SY,54,Grant Thornton,Audit Trainee,4,76
2529,1,3,PART1,96,EY,GST Executive,6,57
1617,2,4,PART2,23,Grant Thornton,Audit Trainee,4,89
1704,2,4,SY,14,Infosys,Data Analyst,7,41
2661,2,1,PART1,66,Accenture,Finance Analyst,6,73
685,1,2,FY,89,PwC,Junior Consultant,6,59
590,2,4,FY,56,Grant Thornton,Audit Trainee,4,64
897,1,4,TY,87,Deloitte,Tax Analyst,6,61
1195,2,3,FY,84,Infosys,Data Analyst,4,58
2402,2,4,FY,49,Grant Thornton,Audit Trainee,7,97
2098,2,3,SY,50,KPMG,Audit Associate,5,55
90,1,2,TY,89,PwC,Junior Consultant,7,80
232,2,4,PART2,19,KPMG,Audit Associate,4,57
38,1,2,TY,22,EY,GST Executive,6,35
349,2,2,SY,20,ICICI Bank,Relationship Officer,6,67
2791,2,1,TY,92,ICICI Bank,Relationship Officer,6,56
113,1,4,FY,34,Deloitte,Tax Analyst,7,63
1260,2,2,PART1,76,Wipro,Business Analyst,5,93
3013,1,1,PART2,49,ICICI Bank,Relationship Officer,7,86
2269,2,4,FY,86,EY,GST Executive,4,95
2138,1,2,PART2,75,TCS,Audit Executive,4,51
2398,2,2,PART1,5,TCS,Audit Executive,5,55
491,2,4,FY,51,Deloitte,Tax Analyst,6,44
1672,2,3,FY,94,Accenture,Finance Analyst,5,50
797,1,4,PART2,97,Grant Thornton,Audit Trainee,5,69
2177,1,2,PART1,90,Deloitte,Tax Analyst,5,48
125,1,3,PART1,16,Infosys,Data Analyst,5,35
2561,2,3,TY,83,ICICI Bank,Relationship Officer,5,52
1581,1,1,PART2,70,Deloitte,Tax Analyst,6,50
2228,1,3,TY,6,Infosys,Data Analyst,5,64
1144,1,2,PART2,4,Accenture,Finance Analyst,4,25
1672,1,1,SY,28,KPMG,Audit Associate,6,64
366,1,4,PART2,43,Infosys,Data Analyst,5,59
102,2,3,TY,69,Accenture,Finance Analyst,4,66
839,1,3,TY,72,Grant Thornton,Audit Trainee,5,88
828,1,2,FY,27,Deloitte,Tax Analyst,4,78
2486,2,3,PART1,27,TCS,Audit Executive,5,77
1186,1,1,SY,87,Grant Thornton,Audit Trainee,5,68
2061,1,2,PART1,91,Deloitte,Tax Analyst,5,47
2501,2,4,SY,97,TCS,Audit Executive,5,55
2318,2,1,SY,75,TCS,Audit Executive,4,41
1959,1,1,TY,58,PwC,Junior Consultant,6,68
2012,1,2,TY,24,ICICI Bank,Relationship Officer,5,54
1597,1,1,PART2,32,Accenture,Finance Analyst,7,78
892,1,2,SY,40,Wipro,Business Analyst,5,70
843,2,1,TY,97,TCS,Audit Executive,5,40
1455,2,4,PART2,78,Wipro,Business Analyst,5,75
570,1,4,FY,47,TCS,Audit Executive,6,67
1461,2,3,FY,86,Infosys,Data Analyst,6,57
2288,2,3,FY,21,Deloitte,Tax Analyst,6,57
2549,1,4,PART1,60,TCS,Audit Executive,6,51
1567,2,2,TY,31,Infosys,Data Analyst,7,79
2734,1,2,SY,27,Deloitte,Tax Analyst,5,76
2479,2,3,TY,20,Wipro,Business Analyst,4,64
1314,1,4,TY,29,EY,GST Executive,6,79
1783,2,1,FY,1,ICICI Bank,Relationship Officer,4,54
502,1,2,SY,91,ICICI Bank,Relationship Officer,4,85
497,2,1,FY,78,Infosys,Data Analyst,6,45
81,2,2,TY,75,Infosys,Data Analyst,7,73
2890,1,3,FY,47,EY,GST Executive,6,77
2747,2,3,TY,20,KPMG,Audit Associate,6,87
445,2,1,PART1,7,Deloitte,Tax Analyst,6,60
1007,1,2,PART2,28,Accenture,Finance Analyst,6,38
1388,2,1,FY,4,Infosys,Data Analyst,4,51
2554,2,1,TY,64,KPMG,Audit Associate,7,51
2683,1,2,FY,43,Infosys,Data Analyst,6,87
1208,2,2,SY,53,Infosys,Data Analyst,5,77
2829,2,3,PART2,36,Wipro,Business Analyst,5,28
2761,1,1,PART2,37,Grant Thornton,Audit Trainee,5,42
813,2,1,FY,21,Infosys,Data Analyst,6,65
2636,1,4,PART2,96,KPMG,Audit Associate,7,62
1278,2,2,SY,46,Accenture,Finance Analyst,6,83
2468,2,2,PART2,22,Grant Thornton,Audit Trainee,6,42
2986,2,4,SY,26,ICICI Bank,Relationship Officer,4,24
222,2,3,PART2,10,Infosys,Data Analyst,5,86
744,2,3,PART2,25,ICICI Bank,Relationship Officer,6,75
2879,2,4,SY,85,PwC,Junior Consultant,5,48
2890,2,2,PART2,82,Deloitte,Tax Analyst,5,79
1886,1,1,FY,53,Wipro,Business Analyst,5,38
118,2,4,TY,8,ICICI Bank,Relationship Officer,4,49
1337,2,2,PART1,72,KPMG,Audit Associate,4,96
748,2,4,SY,92,Infosys,Data Analyst,6,75
2477,2,2,FY,70,EY,GST Executive,5,79
1428,2,2,PART2,17,PwC,Junior Consultant,6,59
83,2,3,TY,9,Deloitte,Tax Analyst,6,69
775,1,4,PART1,19,EY,GST Executive,4,48
1107,2,4,SY,58,EY,GST Executive,6,90
1027,2,2,PART1,54,Grant Thornton,Audit Trainee,7,64
716,1,4,PART1,79,ICICI Bank,Relationship Officer,6,32
946,1,3,SY,42,KPMG,Audit Associate,4,35
1453,1,1,TY,55,Deloitte,Tax Analyst,4,33
1607,2,4,SY,63,KPMG,Audit Associate,4,61
906,2,3,FY,61,PwC,Junior Consultant,6,76
668,2,1,FY,89,Accenture,Finance Analyst,4,42
2424,2,1,PART1,1,Wipro,Business Analyst,4,59
535,1,4,TY,6,Accenture,Finance Analyst,6,49
1107,1,1,TY,61,Grant Thornton,Audit Trainee,5,100
1249,1,4,PART2,76,TCS,Audit Executive,4,74
28,2,1,SY,8,Deloitte,Tax Analyst,6,70
2021,1,1,PART1,47,Wipro,Business Analyst,5,58
14,2,2,SY,85,Infosys,Data Analyst,5,60
2165,2,4,FY,88,KPMG,Audit Associate,5,59
1265,1,2,PART1,82,ICICI Bank,Relationship Officer,5,61
3010,1,1,PART1,1,ICICI Bank,Relationship Officer,4,51
2827,1,2,PART2,79,TCS,Audit Executive,7,68
2220,1,4,TY,61,ICICI Bank,Relationship Officer,7,65
1190,1,2,TY,56,PwC,Junior Consultant,6,48
996,1,4,FY,71,Wipro,Business Analyst,5,79
325,1,4,FY,92,Infosys,Data Analyst,7,36
1627,1,4,TY,76,TCS,Audit Executive,7,62
964,2,2,SY,92,Accenture,Finance Analyst,6,27
2413,1,1,SY,27,ICICI Bank,Relationship Officer,5,80
336,2,4,SY,93,PwC,Junior Consultant,4,48
79,1,2,SY,6,TCS,Audit Executive,6,65
2073,2,4,FY,49,KPMG,Audit Associate,5,55
190,2,3,SY,18,KPMG,Audit Associate,7,75
2059,2,2,PART2,34,Accenture,Finance Analyst,7,96
2246,1,3,PART1,20,ICICI Bank,Relationship Officer,4,28
194,2,2,PART2,15,TCS,Audit Executive,4,64
78,2,1,PART1,89,PwC,Junior Consultant,6,68
1774,2,3,TY,75,TCS,Audit Executive,7,74
1036,2,1,PART1,5,PwC,Junior Consultant,5,41
2231,1,4,PART2,1,KPMG,Audit Associate,6,55
116,2,2,PART2,97,KPMG,Audit Associate,4,59
467,2,1,TY,36,EY,GST Executive,6,56
2281,1,3,SY,74,Accenture,Finance Analyst,5,44
2462,1,4,PART1,43,PwC,Junior Consultant,7,78
2426,2,2,PART1,20,TCS,Audit Executive,6,45
2662,2,1,TY,56,Grant Thornton,Audit Trainee,6,78
592,1,3,FY,35,EY,GST Executive,7,88
142,2,3,PART2,66,Grant Thornton,Audit Trainee,5,90
1170,1,4,PART2,26,PwC,Junior Consultant,5,45
835,1,1,TY,83,Accenture,Finance Analyst,5,85
2953,1,1,PART2,9,PwC,Junior Consultant,4,76
2962,1,2,FY,48,PwC,Junior Consultant,6,80
2749,2,1,SY,15,Grant Thornton,Audit Trainee,7,52
1451,2,2,PART2,28,TCS,Audit Executive,7,56
639,1,1,FY,40,EY,GST Executive,5,74
2537,2,1,FY,88,Grant Thornton,Audit Trainee,5,77
1670,2,1,SY,79,Deloitte,Tax Analyst,6,74
375,2,1,FY,59,Deloitte,Tax Analyst,5,89
985,2,4,TY,44,KPMG,Audit Associate,6,70
549,2,3,FY,45,Infosys,Data Analyst,4,71
1078,2,3,TY,17,Deloitte,Tax Analyst,6,57
573,1,4,FY,15,ICICI Bank,Relationship Officer,7,72
306,2,1,PART1,63,Deloitte,Tax Analyst,5,46
905,1,4,TY,15,KPMG,Audit Associate,4,35
288,1,3,TY,94,Wipro,Business Analyst,7,47
2252,2,1,SY,12,Grant Thornton,Audit Trainee,6,45
2810,1,4,PART1,22,KPMG,Audit Associate,4,73
2786,2,3,FY,38,Grant Thornton,Audit Trainee,5,51
2964,1,3,PART2,51,EY,GST Executive,5,89
1986,1,3,TY,37,PwC,Junior Consultant,6,67
399,1,2,FY,96,Deloitte,Tax Analyst,6,81
2681,2,1,TY,38,KPMG,Audit Associate,4,94
2676,2,3,TY,31,Deloitte,Tax Analyst,5,69
1633,1,1,FY,71,Infosys,Data Analyst,5,62
1127,2,3,SY,28,Grant Thornton,Audit Trainee,4,76
1851,2,4,FY,77,EY,GST Executive,5,59
1708,2,4,FY,60,PwC,Junior Consultant,5,52
2187,1,3,SY,35,ICICI Bank,Relationship Officer,5,58
2031,1,4,TY,86,ICICI Bank,Relationship Officer,4,53
15,2,2,TY,16,Accenture,Finance Analyst,5,48
2490,2,4,FY,85,Accenture,Finance Analyst,4,76
1824,1,2,FY,52,Wipro,Business Analyst,5,38
1350,2,3,PART2,95,Wipro,Business Analyst,4,71
2238,1,3,SY,24,TCS,Audit Executive,5,68
2943,2,4,PART2,38,EY,GST Executive,4,74
394,2,4,SY,86,Wipro,Business Analyst,6,60
404,2,4,FY,13,KPMG,Audit Associate,5,63
920,1,1,SY,15,PwC,Junior Consultant,6,59
2841,1,1,SY,33,PwC,Junior Consultant,6,49
2013,1,3,PART1,91,Infosys,Data Analyst,4,60
1422,2,4,TY,81,Grant Thornton,Audit Trainee,4,45
1495,2,1,PART1,76,TCS,Audit Executive,4,33
1460,2,4,PART1,44,ICICI Bank,Relationship Officer,7,83
488,2,4,FY,3,Infosys,Data Analyst,4,47
1198,1,2,SY,18,EY,GST Executive,6,61
2593,1,4,TY,58,Infosys,Data Analyst,4,63
1466,2,3,SY,9,Wipro,Business Analyst,4,39
2894,2,4,FY,3,Deloitte,Tax Analyst,6,73
2100,2,1,TY,28,KPMG,Audit Associate,6,60
1518,2,4,PART1,54,TCS,Audit Executive,6,43
1260,2,4,PART1,93,PwC,Junior Consultant,6,26
1825,1,3,SY,97,Deloitte,Tax Analyst,6,58
1326,1,1,PART2,46,Grant Thornton,Audit Trainee,4,69
514,2,4,SY,75,Deloitte,Tax Analyst,5,77
2616,1,2,FY,15,Grant Thornton,Audit Trainee,6,84
147,2,3,PART1,14,KPMG,Audit Associate,6,35
794,1,2,TY,90,TCS,Audit Executive,6,55
2472,1,4,PART1,60,Wipro,Business Analyst,5,86
2890,1,4,PART1,68,ICICI Bank,Relationship Officer,6,49
2935,2,4,PART1,79,Deloitte,Tax Analyst,4,88
353,2,1,FY,1,EY,GST Executive,5,42
2807,2,4,PART2,30,Grant Thornton,Audit Trainee,6,64
2205,1,2,TY,3,Deloitte,Tax Analyst,4,89
206,2,3,SY,87,PwC,Junior Consultant,5,74
1617,1,2,TY,80,Grant Thornton,Audit Trainee,5,78
2220,2,2,PART2,14,ICICI Bank,Relationship Officer,4,67
1375,1,1,SY,88,KPMG,Audit Associate,7,56
2704,2,3,SY,9,KPMG,Audit Associate,5,47
2540,2,2,FY,28,TCS,Audit Executive,4,41
2382,2,3,PART2,83,Accenture,Finance Analyst,7,54
1184,2,1,PART2,73,Grant Thornton,Audit Trainee,5,70
2310,2,1,TY,76,EY,GST Executive,4,45
2148,2,1,FY,88,Deloitte,Tax Analyst,4,48
487,2,4,SY,81,Accenture,Finance Analyst,4,51
1031,1,3,TY,32,Infosys,Data Analyst,5,47
1410,2,2,PART1,14,Infosys,Data Analyst,4,44
1794,2,1,PART2,23,Wipro,Business Analyst,6,68
953,1,4,PART1,14,Infosys,Data Analyst,4,99
1213,2,4,SY,26,EY,GST Executive,4,57
515,2,3,SY,39,PwC,Junior Consultant,5,46
674,1,3,PART1,26,Deloitte,Tax Analyst,4,26
2727,2,4,SY,6,Infosys,Data Analyst,4,37
2692,2,2,SY,5,TCS,Audit Executive,5,78
2450,2,1,FY,84,KPMG,Audit Associate,5,56
2661,2,1,FY,16,Infosys,Data Analyst,4,69
3001,1,4,TY,82,TCS,Audit Executive,4,50
2446,1,4,PART2,12,TCS,Audit Executive,5,43
2081,1,1,PART1,27,Wipro,Business Analyst,4,63
1933,1,1,SY,29,Grant Thornton,Audit Trainee,5,51
1050,1,2,SY,42,PwC,Junior Consultant,5,35
1316,1,3,SY,85,Accenture,Finance Analyst,7,61
722,1,2,PART1,87,TCS,Audit Executive,4,66
1223,2,2,PART1,88,EY,GST Executive,4,98
2714,1,3,PART1,53,EY,GST Executive,4,29
1829,2,4,TY,36,ICICI Bank,Relationship Officer,7,66
1483,2,4,TY,83,Infosys,Data Analyst,7,75
2835,1,2,PART1,60,Grant Thornton,Audit Trainee,4,50
474,2,4,PART2,75,PwC,Junior Consultant,4,65
2996,2,4,SY,75,Accenture,Finance Analyst,4,63
830,1,3,SY,14,KPMG,Audit Associate,6,45
1660,2,2,TY,42,EY,GST Executive,7,58
811,2,2,PART1,2,Deloitte,Tax Analyst,7,85
1001,2,1,PART1,96,EY,GST Executive,4,57
1971,1,4,FY,1,Wipro,Business Analyst,5,46
842,2,4,TY,84,ICICI Bank,Relationship Officer,5,47
1682,1,3,TY,18,TCS,Audit Executive,7,45
527,1,3,PART1,97,Accenture,Finance Analyst,6,61
1859,2,2,TY,30,Grant Thornton,Audit Trainee,5,85
1946,2,3,PART1,40,ICICI Bank,Relationship Officer,6,80
2280,2,3,TY,46,Deloitte,Tax Analyst,4,70
1498,1,4,PART1,88,Accenture,Finance Analyst,5,65
131,1,3,FY,8,PwC,Junior Consultant,5,35
288,2,4,FY,30,Wipro,Business Analyst,4,68
2108,2,4,PART1,68,EY,GST Executive,5,63
1480,2,1,TY,55,Grant Thornton,Audit Trainee,6,45
1227,2,4,TY,21,Deloitte,Tax Analyst,4,51
2943,1,2,PART2,76,PwC,Junior Consultant,6,75
2939,2,4,FY,79,PwC,Junior Consultant,4,67
136,1,3,SY,77,ICICI Bank,Relationship Officer,7,73
2141,2,1,PART2,59,Wipro,Business Analyst,5,95
368,1,1,TY,66,EY,GST Executive,6,61
582,1,3,PART2,64,Deloitte,Tax Analyst,4,38
278,2,2,PART1,7,KPMG,Audit Associate,4,80
1903,2,1,SY,10,Grant Thornton,Audit Trainee,4,62
1753,2,1,SY,84,Wipro,Business Analyst,4,67
2060,1,2,TY,97,TCS,Audit Executive,4,44
2782,1,3,PART1,70,Grant Thornton,Audit Trainee,6,26
2346,1,4,PART1,36,Deloitte,Tax Analyst,4,74
571,1,2,SY,14,Deloitte,Tax Analyst,5,69
2391,1,3,SY,77,TCS,Audit Executive,6,36
1902,1,2,TY,66,PwC,Junior Consultant,6,51
733,1,4,FY,45,Deloitte,Tax Analyst,6,60
2306,1,2,SY,57,PwC,Junior Consultant,5,31
2971,2,2,SY,74,KPMG,Audit Associate,4,58
1027,1,1,SY,10,Infosys,Data Analyst,7,34
601,1,4,PART1,68,ICICI Bank,Relationship Officer,4,73
2491,2,1,PART1,72,PwC,Junior Consultant,6,78
9,2,1,PART2,94,Infosys,Data Analyst,5,63
491,1,2,TY,34,EY,GST Executive,5,45
1885,2,2,FY,44,ICICI Bank,Relationship Officer,6,34
1964,2,3,PART1,72,PwC,Junior Consultant,6,60
119,2,4,TY,39,Wipro,Business Analyst,6,74
1349,2,4,TY,73,EY,GST Executive,7,55
2249,2,3,PART1,28,Deloitte,Tax Analyst,4,83
1093,2,2,SY,42,Wipro,Business Analyst,6,90
2726,2,3,FY,24,Infosys,Data Analyst,4,48
1477,2,1,PART2,10,KPMG,Audit Associate,5,39
2550,2,4,TY,30,EY,GST Executive,4,73
1345,2,4,PART2,2,Deloitte,Tax Analyst,6,52
224,2,2,TY,34,Infosys,Data Analyst,7,45
2562,2,4,SY,13,Grant Thornton,Audit Trainee,5,63
2453,2,2,PART2,96,Wipro,Business Analyst,7,52
1053,2,1,PART2,4,ICICI Bank,Relationship Officer,7,44
629,1,1,TY,78,Deloitte,Tax Analyst,7,51
251,1,3,SY,28,Accenture,Finance Analyst,6,48
1358,2,2,PART2,22,Grant Thornton,Audit Trainee,5,63
2002,2,2,PART2,11,PwC,Junior Consultant,5,49
2372,1,4,SY,75,Accenture,Finance Analyst,7,71
925,1,2,PART2,19,Grant Thornton,Audit Trainee,6,56
996,2,1,TY,31,PwC,Junior Consultant,6,89
200,2,1,TY,31,Infosys,Data Analyst,4,66
1709,2,4,TY,44,Deloitte,Tax Analyst,6,37
1855,2,3,FY,7,Wipro,Business Analyst,5,65
1979,2,1,PART1,71,Accenture,Finance Analyst,4,29
2200,2,1,PART2,88,Wipro,Business Analyst,4,59
2785,2,3,PART2,78,EY,GST Executive,5,78
2279,2,1,PART2,87,EY,GST Executive,4,47
1523,1,4,FY,54,Deloitte,Tax Analyst,5,57
2353,1,1,PART1,32,ICICI Bank,Relationship Officer,6,67
114,2,1,SY,71,ICICI Bank,Relationship Officer,4,73
1371,1,2,PART2,46,KPMG,Audit Associate,4,56
1881,1,1,SY,86,ICICI Bank,Relationship Officer,7,100
370,1,4,TY,81,Wipro,Business Analyst,5,71
2166,2,4,PART2,74,Accenture,Finance Analyst,7,73
2605,1,3,FY,30,Infosys,Data Analyst,4,40
959,1,1,PART2,3,TCS,Audit Executive,7,59
2487,2,1,FY,77,Wipro,Business Analyst,4,93
2051,2,2,PART1,45,Grant Thornton,Audit Trainee,4,55
1146,1,2,PART2,23,Accenture,Finance Analyst,5,56
111,2,2,TY,93,Grant Thornton,Audit Trainee,6,45
2961,1,1,PART2,95,EY,GST Executive,7,57
1745,1,1,FY,89,Infosys,Data Analyst,4,45
1428,1,4,TY,84,Deloitte,Tax Analyst,6,50
25,2,3,FY,21,EY,GST Executive,4,41
1087,1,3,PART1,63,PwC,Junior Consultant,7,69
1575,1,1,PART1,47,ICICI Bank,Relationship Officer,4,73
1898,1,1,TY,38,Infosys,Data Analyst,4,71
2275,2,4,TY,37,Wipro,Business Analyst,5,72
1155,1,3,TY,49,Grant Thornton,Audit Trainee,7,46
2173,1,1,PART2,54,Grant Thornton,Audit Trainee,5,90
967,1,2,FY,92,EY,GST Executive,6,59
2530,2,1,PART1,86,TCS,Audit Executive,7,58
2729,2,1,FY,25,Wipro,Business Analyst,4,35
1473,1,2,FY,87,PwC,Junior Consultant,4,51
1624,2,3,PART1,3,Accenture,Finance Analyst,6,79
1937,1,3,FY,50,Accenture,Finance Analyst,6,75
2082,1,2,PART2,91,EY,GST Executive,4,51
850,2,4,PART2,48,ICICI Bank,Relationship Officer,5,49
3015,2,1,FY,57,ICICI Bank,Relationship Officer,6,91
2408,2,4,FY,26,Infosys,Data Analyst,4,49
2971,2,2,PART2,16,PwC,Junior Consultant,7,66
1522,1,3,SY,9,ICICI Bank,Relationship Officer,5,55
2275,1,4,PART1,95,TCS,Audit Executive,4,47
1938,1,4,FY,66,Deloitte,Tax Analyst,6,67
1486,2,2,FY,36,KPMG,Audit Associate,4,77
992,2,2,FY,6,ICICI Bank,Relationship Officer,7,53
13,2,1,FY,88,PwC,Junior Consultant,4,93
1783,2,4,SY,96,ICICI Bank,Relationship Officer,6,59
903,1,4,SY,86,TCS,Audit Executive,4,77
2184,1,2,FY,94,Wipro,Business Analyst,7,58
2181,1,4,FY,10,ICICI Bank,Relationship Officer,4,73
778,1,1,SY,87,KPMG,Audit Associate,4,56
634,2,2,TY,13,ICICI Bank,Relationship Officer,7,55
2581,2,3,PART1,85,Grant Thornton,Audit Trainee,5,47
1363,1,3,PART2,65,EY,GST Executive,5,58
1227,1,4,FY,66,PwC,Junior Consultant,7,69
1868,1,1,FY,7,Infosys,Data Analyst,6,57
758,2,1,TY,77,EY,GST Executive,6,76
1873,2,2,PART2,20,Infosys,Data Analyst,4,50
1474,1,1,TY,65,PwC,Junior Consultant,6,56
1781,1,1,TY,1,Grant Thornton,Audit Trainee,7,64
1763,2,4,TY,69,PwC,Junior Consultant,6,76
1640,1,4,PART1,20,Accenture,Finance Analyst,6,63
1144,2,4,FY,75,EY,GST Executive,6,63
1706,2,4,PART1,33,Deloitte,Tax Analyst,4,71
313,2,4,TY,70,Deloitte,Tax Analyst,6,77
2401,1,2,FY,63,EY,GST Executive,5,47
3010,1,3,SY,13,Wipro,Business Analyst,6,82
625,1,3,TY,30,Deloitte,Tax Analyst,6,37
179,1,2,PART2,57,TCS,Audit Executive,6,42
345,2,4,PART1,76,TCS,Audit Executive,6,54
563,1,2,FY,5,Wipro,Business Analyst,4,71
2461,2,2,FY,95,KPMG,Audit Associate,6,59
2854,2,2,PART2,54,Deloitte,Tax Analyst,5,35
1750,2,2,PART1,70,Accenture,Finance Analyst,4,35
3014,1,3,SY,16,PwC,Junior Consultant,6,99
281,2,3,TY,41,Accenture,Finance Analyst,6,30
2123,1,2,PART2,73,Deloitte,Tax Analyst,6,57
2594,2,2,PART1,66,KPMG,Audit Associate,4,31
1735,1,2,TY,94,TCS,Audit Executive,7,57
1276,2,2,PART1,49,Infosys,Data Analyst,6,60
2338,2,3,TY,78,Deloitte,Tax Analyst,5,68
605,1,2,TY,17,Deloitte,Tax Analyst,7,75
761,2,4,PART1,41,Infosys,Data Analyst,5,44
1836,2,3,PART1,41,Grant Thornton,Audit Trainee,5,44
1251,2,1,SY,17,ICICI Bank,Relationship Officer,4,38
1185,1,4,PART2,23,EY,GST Executive,5,41
383,2,3,SY,69,PwC,Junior Consultant,5,44
692,1,2,SY,36,Infosys,Data Analyst,5,41
1529,1,1,FY,45,Wipro,Business Analyst,7,52
1858,2,2,PART2,4,Deloitte,Tax Analyst,4,79
1877,1,1,FY,51,Infosys,Data Analyst,6,49
717,2,4,TY,21,Infosys,Data Analyst,6,97
2406,1,2,PART1,32,EY,GST Executive,4,64
2996,1,1,SY,38,KPMG,Audit Associate,4,70
653,2,4,PART1,53,PwC,Junior Consultant,5,86
2626,1,3,TY,15,ICICI Bank,Relationship Officer,7,76
2447,1,1,SY,60,PwC,Junior Consultant,6,54
807,1,1,TY,32,Grant Thornton,Audit Trainee,6,61
391,2,3,FY,52,Grant Thornton,Audit Trainee,5,62
1979,1,1,TY,78,TCS,Audit Executive,6,50
1446,1,1,TY,46,Infosys,Data Analyst,5,73
556,2,2,TY,19,Grant Thornton,Audit Trainee,7,42
743,2,1,TY,86,PwC,Junior Consultant,7,59
100,2,1,PART1,81,ICICI Bank,Relationship Officer,6,52
1442,1,2,PART2,74,EY,GST Executive,6,67
25,2,2,SY,89,Grant Thornton,Audit Trainee,5,65
20,2,4,SY,96,TCS,Audit Executive,6,41
2343,2,4,FY,53,PwC,Junior Consultant,4,49
1858,2,3,PART1,47,Accenture,Finance Analyst,4,68
97,2,4,SY,18,Wipro,Business Analyst,5,76
1504,2,3,SY,84,ICICI Bank,Relationship Officer,6,72
2771,1,3,PART2,47,Infosys,Data Analyst,6,56
1471,2,4,TY,45,Deloitte,Tax Analyst,6,34
1423,2,3,SY,94,Grant Thornton,Audit Trainee,6,69
568,2,1,TY,61,EY,GST Executive,6,65
168,1,2,FY,14,TCS,Audit Executive,4,57
2213,2,2,FY,87,Deloitte,Tax Analyst,6,41
2300,1,3,TY,54,PwC,Junior Consultant,7,80
1702,1,4,PART1,83,Wipro,Business Analyst,6,64
1218,1,2,PART1,79,Deloitte,Tax Analyst,4,83
543,1,1,PART2,94,Accenture,Finance Analyst,6,55
662,1,1,SY,68,KPMG,Audit Associate,6,81
754,2,4,FY,33,Grant Thornton,Audit Trainee,5,62
1647,1,3,PART1,69,PwC,Junior Consultant,5,70
1920,1,2,FY,19,Grant Thornton,Audit Trainee,6,26
2253,2,4,PART2,67,PwC,Junior Consultant,6,61
889,2,4,PART1,82,Deloitte,Tax Analyst,7,52
518,1,4,TY,50,EY,GST Executive,6,68
2632,1,1,TY,10,TCS,Audit Executive,4,49
2749,2,2,PART2,76,Grant Thornton,Audit Trainee,5,70
2385,1,4,PART1,14,Wipro,Business Analyst,5,65
2162,2,1,FY,16,PwC,Junior Consultant,7,48
2017,1,4,TY,13,EY,GST Executive,4,67
1468,2,3,SY,76,Infosys,Data Analyst,4,45
1926,2,1,PART1,36,PwC,Junior Consultant,4,36
254,1,1,PART1,76,Wipro,Business Analyst,6,77
667,1,1,FY,65,Grant Thornton,Audit Trainee,4,58
3010,1,3,SY,61,Grant Thornton,Audit Trainee,5,86
622,2,2,PART1,65,TCS,Audit Executive,6,60
2732,2,1,PART2,69,ICICI Bank,Relationship Officer,4,78
1259,2,1,PART1,1,ICICI Bank,Relationship Officer,5,93
1555,1,4,TY,60,ICICI Bank,Relationship Officer,5,98
2192,1,4,FY,13,EY,GST Executive,6,88
760,2,2,PART1,54,Grant Thornton,Audit Trainee,4,52
2808,2,3,FY,23,Wipro,Business Analyst,5,72
2883,1,1,TY,76,EY,GST Executive,5,38
2634,2,3,SY,45,Accenture,Finance Analyst,4,77
852,2,3,SY,5,Grant Thornton,Audit Trainee,6,42
2661,1,3,PART1,47,ICICI Bank,Relationship Officer,5,49
911,1,4,SY,10,KPMG,Audit Associate,5,49
323,1,3,SY,52,KPMG,Audit Associate,6,41
1877,1,4,PART2,79,ICICI Bank,Relationship Officer,5,47
1277,1,1,PART1,45,EY,GST Executive,7,94
2196,1,4,PART1,44,ICICI Bank,Relationship Officer,5,49
2009,1,1,PART1,60,Grant Thornton,Audit Trainee,5,80
1292,2,2,SY,86,PwC,Junior Consultant,6,35
240,2,1,FY,50,TCS,Audit Executive,5,81
1658,2,2,FY,84,Wipro,Business Analyst,6,61
189,2,1,FY,95,ICICI Bank,Relationship Officer,5,53
689,1,4,FY,34,Accenture,Finance Analyst,6,39
411,2,3,TY,48,EY,GST Executive,4,85
2878,1,3,SY,29,Infosys,Data Analyst,4,26
590,2,1,PART1,47,ICICI Bank,Relationship Officer,5,57
309,1,2,TY,89,PwC,Junior Consultant,4,66
1026,1,2,FY,82,TCS,Audit Executive,5,67
2275,2,2,TY,43,Infosys,Data Analyst,7,68
1139,1,1,PART2,74,Wipro,Business Analyst,6,56
1254,2,1,SY,17,Accenture,Finance Analyst,6,38
323,2,2,FY,80,KPMG,Audit Associate,4,60
2814,2,4,SY,10,Deloitte,Tax Analyst,4,47
1574,2,2,SY,6,Wipro,Business Analyst,5,50
644,2,3,PART2,11,Wipro,Business Analyst,6,53
1514,1,2,FY,73,EY,GST Executive,6,56
1086,1,4,FY,32,Grant Thornton,Audit Trainee,7,44
610,1,3,FY,53,Wipro,Business Analyst,5,74
2597,1,3,SY,92,KPMG,Audit Associate,7,48
2831,2,1,SY,45,KPMG,Audit Associate,6,78
985,2,4,TY,8,Grant Thornton,Audit Trainee,6,72
1260,2,4,FY,24,Grant Thornton,Audit Trainee,4,87
798,1,3,FY,21,ICICI Bank,Relationship Officer,5,83
304,2,4,PART1,27,Wipro,Business Analyst,7,51
3022,2,4,SY,32,ICICI Bank,Relationship Officer,5,73
568,2,3,FY,50,Deloitte,Tax Analyst,6,78
574,1,3,TY,13,Wipro,Business Analyst,6,59
221,2,4,FY,65,Accenture,Finance Analyst,7,54
2435,2,1,PART1,72,Grant Thornton,Audit Trainee,4,76
1448,1,4,TY,40,PwC,Junior Consultant,5,55
2745,1,2,PART2,2,ICICI Bank,Relationship Officer,6,68
685,1,1,TY,87,PwC,Junior Consultant,4,61
1614,1,4,PART2,10,Accenture,Finance Analyst,6,61
271,1,1,TY,38,ICICI Bank,Relationship Officer,6,99
1926,2,3,SY,40,PwC,Junior Consultant,6,52
1884,1,1,SY,59,PwC,Junior Consultant,4,58
1823,2,2,SY,45,Infosys,Data Analyst,6,65
1014,1,4,TY,81,TCS,Audit Executive,6,80
2137,2,4,PART1,85,PwC,Junior Consultant,4,58
1444,2,1,PART2,22,Infosys,Data Analyst,6,40
1684,2,3,PART2,61,Grant Thornton,Audit Trainee,6,71
2588,1,1,FY,18,Grant Thornton,Audit Trainee,6,56
2344,2,1,PART1,64,Accenture,Finance Analyst,4,47
1290,2,3,PART1,33,TCS,Audit Executive,5,47
2382,1,4,FY,61,TCS,Audit Executive,5,69
2608,1,3,PART2,6,PwC,Junior Consultant,5,89
338,2,3,FY,50,Grant Thornton,Audit Trainee,4,70
1077,1,2,PART2,58,Wipro,Business Analyst,6,31
1515,2,3,SY,19,PwC,Junior Consultant,6,66
2527,2,1,SY,9,ICICI Bank,Relationship Officer,5,52
467,2,4,FY,3,Accenture,Finance Analyst,6,76
1618,1,4,PART2,3,TCS,Audit Executive,7,52
895,2,1,FY,33,TCS,Audit Executive,4,46
1690,1,2,SY,18,EY,GST Executive,4,51
1214,1,1,SY,88,EY,GST Executive,6,79
1443,1,3,TY,77,EY,GST Executive,5,35
1959,2,3,FY,24,Accenture,Finance Analyst,6,80
1045,2,3,PART2,40,TCS,Audit Executive,5,68
1565,2,4,FY,32,TCS,Audit Executive,6,77
2377,1,1,TY,97,Accenture,Finance Analyst,4,59
1238,1,1,PART1,45,TCS,Audit Executive,7,55
1377,2,2,SY,49,KPMG,Audit Associate,7,55
905,2,3,PART1,17,KPMG,Audit Associate,5,71
1373,2,3,FY,84,Grant Thornton,Audit Trainee,4,91
1071,2,2,SY,24,EY,GST Executive,6,83
82,2,4,PART2,86,PwC,Junior Consultant,4,93
1592,1,3,SY,62,ICICI Bank,Relationship Officer,5,51
1434,1,3,PART1,25,Infosys,Data Analyst,5,56
2978,2,3,FY,23,PwC,Junior Consultant,5,62
2214,1,2,PART1,42,Accenture,Finance Analyst,6,90
2797,2,3,TY,31,TCS,Audit Executive,7,31
1933,1,2,FY,50,Accenture,Finance Analyst,5,70
1261,1,3,FY,77,Infosys,Data Analyst,5,80
1202,1,4,SY,3,TCS,Audit Executive,4,81
2168,1,2,PART2,12,Accenture,Finance Analyst,5,57
140,1,1,PART1,53,Grant Thornton,Audit Trainee,4,75
939,2,3,PART2,52,ICICI Bank,Relationship Officer,5,36
2629,1,3,SY,39,EY,GST Executive,6,90
1076,2,2,PART2,9,EY,GST Executive,6,85
611,1,4,FY,91,Wipro,Business Analyst,4,67
2603,1,1,PART2,13,TCS,Audit Executive,6,32
2610,1,1,PART1,50,KPMG,Audit Associate,5,70
1996,1,4,PART1,16,Accenture,Finance Analyst,6,54
2228,2,2,PART1,37,ICICI Bank,Relationship Officer,5,34
1530,1,3,FY,69,PwC,Junior Consultant,5,56
2759,2,4,PART2,10,PwC,Junior Consultant,4,56
1609,2,1,PART1,64,Wipro,Business Analyst,5,47
1473,1,3,TY,24,Deloitte,Tax Analyst,7,49
1185,1,4,TY,87,EY,GST Executive,5,75
2285,1,1,TY,30,Infosys,Data Analyst,4,78
2991,1,4,PART2,48,Infosys,Data Analyst,6,70
2055,1,3,PART1,84,Accenture,Finance Analyst,4,96
214,2,4,TY,83,Accenture,Finance Analyst,5,68
142,1,4,PART2,49,Wipro,Business Analyst,6,58
982,1,3,PART2,83,Wipro,Business Analyst,5,66
2580,2,2,SY,17,Deloitte,Tax Analyst,5,65
1029,1,2,PART1,9,Accenture,Finance Analyst,6,64
524,1,4,PART1,7,EY,GST Executive,7,80
976,2,1,FY,88,Deloitte,Tax Analyst,6,33
958,1,2,PART1,95,EY,GST Executive,5,70
590,1,2,PART2,9,Infosys,Data Analyst,6,75
1039,2,1,PART1,92,Deloitte,Tax Analyst,4,68
1211,1,2,PART2,43,Wipro,Business Analyst,4,56
1583,1,1,FY,22,EY,GST Executive,6,48
510,2,1,SY,37,Infosys,Data Analyst,5,32
